,Ticker,Buy Date,Sell Date,Weight,Buy Price,Sell Price,Returns
0,CYIENT,2014-01-02,2014-01-31,0.26315789473684204,343.25,346.2,0.0022616628972284953
1,PAGEIND,2014-01-02,2014-01-31,0.23157894736842102,5150.1,5724.95,0.02584865495713417
2,GLAXO,2014-01-02,2014-01-31,0.19999999999999998,1494.55,1490.725,-0.0005118597571175331
3,SHRIRAMCIT,2014-01-02,2014-01-31,0.16842105263157892,1062.0,1000.0,-0.00983249083159877
4,ZYDUSLIFE,2014-01-02,2014-01-31,0.13684210526315788,159.2,162.79,0.0030858238561227215
5,CYIENT,2014-02-03,2014-03-03,0.26315789473684204,352.5,374.95,0.016759985069055607
6,PAGEIND,2014-02-03,2014-03-03,0.23157894736842102,5699.9,5939.95,0.00975289501847217
7,GLAXO,2014-02-03,2014-03-03,0.19999999999999998,1488.5,1520.125,0.004249244205576083
8,SHRIRAMCIT,2014-02-03,2014-03-03,0.16842105263157892,975.0,970.05,-0.0008550607287449469
9,ZYDUSLIFE,2014-02-03,2014-03-03,0.13684210526315788,162.24,209.0,0.03943994601889337
10,CYIENT,2014-03-05,2014-04-03,0.26315789473684204,374.0,347.8,-0.018435125246270744
11,PAGEIND,2014-03-05,2014-04-03,0.23157894736842102,6296.0,6288.95,-0.0002593125125392964
12,GLAXO,2014-03-05,2014-04-03,0.19999999999999998,1465.0,1293.5,-0.02341296928327645
13,SHRIRAMCIT,2014-03-05,2014-04-03,0.16842105263157892,963.1,1180.0,0.037930148806758865
14,STAR,2014-03-05,2014-04-03,0.13684210526315788,174.13,214.32,0.031583783440684056
15,CYIENT,2014-04-04,2014-05-05,0.26315789473684204,340.15,304.0,-0.027967537541487092
16,PAGEIND,2014-04-04,2014-05-05,0.23157894736842102,6178.95,5867.4,-0.011676485657374088
17,GLAXO,2014-04-04,2014-05-05,0.19999999999999998,1280.05,1231.5,-0.0075856411858911685
18,ECLERX,2014-04-04,2014-05-05,0.16842105263157892,587.96992481203,620.501253132832,0.009318436756853772
19,STAR,2014-04-04,2014-05-05,0.13684210526315788,212.0,263.5,0.03324230387288977
20,CYIENT,2014-05-06,2014-06-04,0.26315789473684204,315.0,301.2,-0.01152882205513785
21,PAGEIND,2014-05-06,2014-06-04,0.23157894736842102,5864.8,6345.0,0.01896129629762579
22,STAR,2014-05-06,2014-06-04,0.19999999999999998,259.48,264.15,0.0035995067057190983
23,GLAXO,2014-05-06,2014-06-04,0.16842105263157892,1205.575,1219.0,0.0018754972785425537
24,ECLERX,2014-05-06,2014-06-04,0.13684210526315788,624.06015037594,606.491228070176,-0.0038524624815048708
25,CYIENT,2014-06-04,2014-07-03,0.26315789473684204,301.2,356.05,0.047922345704899706
26,PAGEIND,2014-06-04,2014-07-03,0.23157894736842102,6345.0,7211.95,0.031641823234208444
27,IPCALAB,2014-06-04,2014-07-03,0.19999999999999998,402.2,440.0,0.018796618597712585
28,STAR,2014-06-04,2014-07-03,0.16842105263157892,264.15,326.0,0.039435328810384855
29,ZYDUSLIFE,2014-06-04,2014-07-03,0.13684210526315788,183.2,213.33,0.022505745805561958
30,CYIENT,2014-07-04,2014-08-04,0.26315789473684204,356.05,367.0,0.008093186202410946
31,PAGEIND,2014-07-04,2014-08-04,0.23157894736842102,7130.0,8000.0,0.028257178711153758
32,IPCALAB,2014-07-04,2014-08-04,0.19999999999999998,436.0,366.95,-0.031674311926605504
33,ECLERX,2014-07-04,2014-08-04,0.16842105263157892,584.962406015038,651.578947368421,0.019180083885806914
34,MINDTREE,2014-07-04,2014-08-04,0.13684210526315788,434.0,527.45,0.02946519524617998
35,PAGEIND,2014-08-05,2014-09-03,0.26315789473684204,7885.0,7506.0,-0.012648933684878013
36,ECLERX,2014-08-05,2014-09-03,0.23157894736842102,627.067669172932,677.19298245614,0.018511506584206323
37,CYIENT,2014-08-05,2014-09-03,0.19999999999999998,390.15,450.0,0.030680507497116507
38,IPCALAB,2014-08-05,2014-09-03,0.16842105263157892,361.1,381.5,0.009514786689792871
39,PERSISTENT,2014-08-05,2014-09-03,0.13684210526315788,633.8,643.5,0.002094301705668409
40,PAGEIND,2014-09-03,2014-10-07,0.26315789473684204,7506.0,7984.0,0.016758523006156472
41,CYIENT,2014-09-03,2014-10-07,0.23157894736842102,450.0,472.0,0.011321637426900583
42,ECLERX,2014-09-03,2014-10-07,0.19999999999999998,677.19298245614,705.764411027569,0.008438193930422042
43,MINDTREE,2014-09-03,2014-10-07,0.16842105263157892,563.05,570.525,0.00223594240017948
44,PERSISTENT,2014-09-03,2014-10-07,0.13684210526315788,643.5,750.0,0.0226475279106858
45,PAGEIND,2014-10-08,2014-11-07,0.26315789473684204,7903.0,8900.0,0.03319858548053037
46,GLAXO,2014-10-08,2014-11-07,0.23157894736842102,1450.0,1415.0,-0.005589836660617059
47,PERSISTENT,2014-10-08,2014-11-07,0.19999999999999998,732.5,646.5,-0.023481228668941978
48,DRREDDY,2014-10-08,2014-11-07,0.16842105263157892,623.0,655.0,0.008650840584607584
49,MARICO,2014-10-08,2014-11-07,0.13684210526315788,152.975,152.3,-0.0006038138326695815
50,PAGEIND,2014-11-05,2014-12-03,0.26315789473684204,8998.7,9700.05,0.02051027253644235
51,GLAXO,2014-11-05,2014-12-03,0.23157894736842102,1375.0,1576.0,0.03385263157894736
52,DRREDDY,2014-11-05,2014-12-03,0.19999999999999998,639.98,715.4,0.023569486546454563
53,PERSISTENT,2014-11-05,2014-12-03,0.16842105263157892,664.0,802.0,0.035003170577045016
54,MINDTREE,2014-11-05,2014-12-03,0.13684210526315788,534.475,620.05,0.02190984266409977
55,PAGEIND,2014-12-04,2015-01-02,0.26315789473684204,10020.0,12351.0,0.06121966593129528
56,GLAXO,2014-12-04,2015-01-02,0.23157894736842102,1607.5,1570.5,-0.005330277482196938
57,DRREDDY,2014-12-04,2015-01-02,0.19999999999999998,704.2,644.0,-0.01709741550695826
58,MARICO,2014-12-04,2015-01-02,0.16842105263157892,164.5,162.8,-0.0017405215165573389
59,GLENMARK,2014-12-04,2015-01-02,0.13684210526315788,822.55,777.3,-0.007527937831326842
60,PAGEIND,2015-01-05,2015-02-02,0.26315789473684204,12400.0,11800.0,-0.012733446519524615
61,GLENMARK,2015-01-05,2015-02-02,0.23157894736842102,773.5,723.8,-0.01487973326982616
62,DRREDDY,2015-01-05,2015-02-02,0.19999999999999998,644.28,635.95,-0.002585832246849173
63,MINDTREE,2015-01-05,2015-02-02,0.16842105263157892,646.0,658.0,0.0031285644451686484
64,GLAXO,2015-01-05,2015-02-02,0.13684210526315788,1567.5,1695.55,0.011178712331066895
65,MARICO,2015-02-04,2015-03-05,0.26315789473684204,176.25,191.25,0.022396416573348257
66,PAGEIND,2015-02-04,2015-03-05,0.23157894736842102,12069.0,12499.65,0.008263275638761326
67,MINDTREE,2015-02-04,2015-03-05,0.19999999999999998,650.0,730.1,0.024646153846153852
68,GLAXO,2015-02-04,2015-03-05,0.16842105263157892,1671.025,1571.0,-0.010081426543273557
69,HINDUNILVR,2015-02-04,2015-03-05,0.13684210526315788,910.9,913.45,0.0003830797765079174
70,MARICO,2015-03-09,2015-04-06,0.26315789473684204,199.4,194.0,-0.00712664308715621
71,COFORGE,2015-03-09,2015-04-06,0.23157894736842102,83.45,73.59,-0.027362114092901513
72,PAGEIND,2015-03-09,2015-04-06,0.19999999999999998,13000.0,14468.65,0.022594615384615376
73,IPCALAB,2015-03-09,2015-04-06,0.16842105263157892,357.5,322.0,-0.01672432830327567
74,HINDUNILVR,2015-03-09,2015-04-06,0.13684210526315788,936.0,883.65,-0.007653508771929827
75,MARICO,2015-04-07,2015-05-06,0.26315789473684204,193.0,193.0,0.0
76,PAGEIND,2015-04-07,2015-05-06,0.23157894736842102,13956.25,14000.0,0.0007259528130671505
77,SANOFI,2015-04-07,2015-05-06,0.19999999999999998,2246.23,2213.33,-0.0029293527376982845
78,HINDUNILVR,2015-04-07,2015-05-06,0.16842105263157892,911.35,879.0,-0.005978406816954608
79,HCLTECH,2015-04-07,2015-05-06,0.13684210526315788,469.9,453.525,-0.004768651784814238
80,MARICO,2015-05-06,2015-06-04,0.26315789473684204,193.0,208.575,0.02123670575402234
81,PAGEIND,2015-05-06,2015-06-04,0.23157894736842102,14000.0,15525.0,0.025225563909774436
82,SANOFI,2015-05-06,2015-06-04,0.19999999999999998,2213.33,2181.33,-0.0028915706198352708
83,COFORGE,2015-05-06,2015-06-04,0.16842105263157892,76.02,79.8,0.008374527478918292
84,INDUSTOWER,2015-05-06,2015-06-04,0.13684210526315788,392.0,424.0,0.01117078410311493
85,SANOFI,2015-06-05,2015-07-06,0.26315789473684204,2206.67,2369.17,0.019379045301171825
86,GSKCONS,2015-06-05,2015-07-06,0.23157894736842102,6372.2,6270.0,-0.003714159696973194
87,PEL,2015-06-05,2015-07-06,0.19999999999999998,544.5,528.3333333333334,-0.005938169574533196
88,PAGEIND,2015-06-05,2015-07-06,0.16842105263157892,15699.0,15000.0,-0.0074989690929023285
89,TECHM,2015-06-05,2015-07-06,0.13684210526315788,558.0,465.0,-0.022807017543859647
90,GSKCONS,2015-07-07,2015-08-05,0.26315789473684204,6304.9,6235.0,-0.0029175303085069017
91,SANOFI,2015-07-07,2015-08-05,0.23157894736842102,2385.33,2707.37,0.031265143275993806
92,COFORGE,2015-07-07,2015-08-05,0.19999999999999998,78.41,93.8,0.03925519704119373
93,INDUSTOWER,2015-07-07,2015-08-05,0.16842105263157892,445.0,483.0,0.01438202247191011
94,HINDUNILVR,2015-07-07,2015-08-05,0.13684210526315788,921.6,910.7,-0.0016184667397660783
95,GSKCONS,2015-08-05,2015-09-03,0.26315789473684204,6235.0,6187.0,-0.0020259148271641408
96,SANOFI,2015-08-05,2015-09-03,0.23157894736842102,2707.37,2615.97,-0.00781803587595109
97,OFSS,2015-08-05,2015-09-03,0.19999999999999998,4310.0,3948.9,-0.01675638051044083
98,INDUSTOWER,2015-08-05,2015-09-03,0.16842105263157892,483.0,400.8,-0.028662961752206593
99,TECHM,2015-08-05,2015-09-03,0.13684210526315788,543.9,542.0,-0.00047802904945761513
100,GSKCONS,2015-09-04,2015-10-05,0.26315789473684204,6198.85,6077.0,-0.005172861010297764
101,SANOFI,2015-09-04,2015-10-05,0.23157894736842102,2650.03,2750.0,0.008736107654789192
102,CARERATING,2015-09-04,2015-10-05,0.19999999999999998,1228.0,1114.0,-0.01856677524429967
103,COLPAL,2015-09-04,2015-10-05,0.16842105263157892,950.0,974.9,0.004414404432132959
104,INDUSTOWER,2015-09-04,2015-10-05,0.13684210526315788,411.0,399.65,-0.003778972979895
105,GSKCONS,2015-10-08,2015-11-06,0.26315789473684204,6089.95,5899.55,-0.008227532764291107
106,BALKRISIND,2015-10-08,2015-11-06,0.23157894736842102,327.55,335.625,0.005709052053121652
107,CARERATING,2015-10-08,2015-11-06,0.19999999999999998,1185.0,1293.0,0.01822784810126582
108,COLPAL,2015-10-08,2015-11-06,0.16842105263157892,950.0,943.0,-0.0012409972299168971
109,SANOFI,2015-10-08,2015-11-06,0.13684210526315788,2680.7,2919.97,0.012214052496107653
110,GSKCONS,2015-11-10,2015-12-09,0.26315789473684204,5878.8,6150.55,0.01216458425099286
111,BALKRISIND,2015-11-10,2015-12-09,0.23157894736842102,332.225,327.625,-0.0032064509230032116
112,SANOFI,2015-11-10,2015-12-09,0.19999999999999998,2966.67,2880.67,-0.0057977462946670845
113,CARERATING,2015-11-10,2015-12-09,0.16842105263157892,1289.0,1285.05,-0.0005161079580254028
114,TECHM,2015-11-10,2015-12-09,0.13684210526315788,532.4,531.0,-0.00035984024674759187
115,GSKCONS,2015-12-09,2016-01-07,0.26315789473684204,6150.55,6570.0,0.017946619236876106
116,SANOFI,2015-12-09,2016-01-07,0.23157894736842102,2880.67,2873.27,-0.0005948908450208933
117,BALKRISIND,2015-12-09,2016-01-07,0.19999999999999998,327.625,327.5,-7.630675314765356e-05
118,CUB,2015-12-09,2016-01-07,0.16842105263157892,87.95,90.35,0.00459591274946888
119,GSPL,2015-12-09,2016-01-07,0.13684210526315788,132.05,142.0,0.010311086311006582
120,GSKCONS,2016-01-08,2016-02-08,0.26315789473684204,6585.0,5750.8,-0.033337329656715806
121,BALKRISIND,2016-01-08,2016-02-08,0.23157894736842102,320.65,302.5,-0.013108242303872874
122,CUB,2016-01-08,2016-02-08,0.19999999999999998,89.05,81.4,-0.017181358787198186
123,SANOFI,2016-01-08,2016-02-08,0.16842105263157892,2830.0,2865.33,0.0021025850846196716
124,TITAN,2016-01-08,2016-02-08,0.13684210526315788,347.7,366.1,0.007241572438429996
125,GSKCONS,2016-02-09,2016-03-09,0.26315789473684204,5851.0,5600.0,-0.011289118369329576
126,BALKRISIND,2016-02-09,2016-03-09,0.23157894736842102,304.4,299.95,-0.0033854346773635707
127,CUB,2016-02-09,2016-03-09,0.19999999999999998,84.4,87.05,0.006279620853080548
128,CARERATING,2016-02-09,2016-03-09,0.16842105263157892,1097.3,925.0,-0.02644577359739455
129,SANOFI,2016-02-09,2016-03-09,0.13684210526315788,2788.67,2893.37,0.005137706656238495
130,GSKCONS,2016-03-09,2016-04-07,0.26315789473684204,5600.0,5909.0,0.01452067669172932
131,BALKRISIND,2016-03-09,2016-04-07,0.23157894736842102,299.95,311.325,0.008782165448627402
132,CUB,2016-03-09,2016-04-07,0.19999999999999998,87.05,96.15,0.020907524411257917
133,AIAENG,2016-03-09,2016-04-07,0.16842105263157892,830.0,953.95,0.025151553582752065
134,SANOFI,2016-03-09,2016-04-07,0.13684210526315788,2893.37,2831.27,-0.002937023172578029
135,VIDEOIND,2016-04-08,2016-05-09,0.26315789473684204,107.25,106.35,-0.002208317997791695
136,TTKPRESTIG,2016-04-08,2016-05-09,0.23157894736842102,428.06,438.465,0.005629068231949761
137,GSKCONS,2016-04-08,2016-05-09,0.19999999999999998,5940.6,5873.65,-0.002253981079352278
138,PGHH,2016-04-08,2016-05-09,0.16842105263157892,6301.0,6243.65,-0.0015329229278560723
139,MPHASIS,2016-04-08,2016-05-09,0.13684210526315788,465.0,476.0,0.003237125070741369
140,VIDEOIND,2016-05-10,2016-06-08,0.26315789473684204,105.1,104.25,-0.0021282988632380043
141,AIAENG,2016-05-10,2016-06-08,0.23157894736842102,982.0,1000.1,0.00426841033336907
142,TTKPRESTIG,2016-05-10,2016-06-08,0.19999999999999998,441.9,457.06,0.006861280832767606
143,GSKCONS,2016-05-10,2016-06-08,0.16842105263157892,5844.5,5748.0,-0.002780842087252522
144,PGHH,2016-05-10,2016-06-08,0.13684210526315788,6305.05,6240.8,-0.0013944544869839085
145,AIAENG,2016-06-08,2016-07-07,0.26315789473684204,1000.1,1005.0,0.0012893447497355462
146,VIDEOIND,2016-06-08,2016-07-07,0.23157894736842102,104.25,104.5,0.0005553451975261895
147,TTKPRESTIG,2016-06-08,2016-07-07,0.19999999999999998,457.06,464.31,0.0031724500065636895
148,GSKCONS,2016-06-08,2016-07-07,0.16842105263157892,5748.0,6212.3,0.013604365820605795
149,PGHH,2016-06-08,2016-07-07,0.13684210526315788,6240.8,6324.95,0.0018451581781013147
150,AIAENG,2016-07-08,2016-08-08,0.26315789473684204,1023.85,1056.85,0.008481916810388004
151,VIDEOIND,2016-07-08,2016-08-08,0.23157894736842102,104.95,104.85,-0.00022065645294753764
152,TTKPRESTIG,2016-07-08,2016-08-08,0.19999999999999998,470.0,485.0,0.006382978723404254
153,PGHH,2016-07-08,2016-08-08,0.16842105263157892,6340.0,6429.95,0.002389506890254021
154,GSKCONS,2016-07-08,2016-08-08,0.13684210526315788,6206.0,6197.9,-0.00017860474583171584
155,VIDEOIND,2016-08-09,2016-09-07,0.26315789473684204,104.1,104.6,0.0012639668335102884
156,AIAENG,2016-08-09,2016-09-07,0.23157894736842102,1050.0,1245.0,0.04300751879699248
157,PGHH,2016-08-09,2016-09-07,0.19999999999999998,6702.5,6654.0,-0.0014472211861245802
158,GSKCONS,2016-08-09,2016-09-07,0.16842105263157892,6317.0,6287.85,-0.0007771843729951661
159,TTKPRESTIG,2016-08-09,2016-09-07,0.13684210526315788,476.06,491.145,0.0043361407341400955
160,AIAENG,2016-09-07,2016-10-06,0.26315789473684204,1245.0,1305.0,0.012682308180088774
161,VIDEOIND,2016-09-07,2016-10-06,0.23157894736842102,104.6,105.15,0.0012176713293750878
162,EMAMILTD,2016-09-07,2016-10-06,0.19999999999999998,613.65,581.725,-0.010404953963985969
163,GSKCONS,2016-09-07,2016-10-06,0.16842105263157892,6287.85,6180.2,-0.0028834222056489203
164,SANOFI,2016-09-07,2016-10-06,0.13684210526315788,2995.33,2786.67,-0.009532663741294115
165,AIAENG,2016-10-07,2016-11-07,0.26315789473684204,1315.0,1252.5,-0.012507504502701617
166,CRISIL,2016-10-07,2016-11-07,0.23157894736842102,2451.0,2215.0,-0.02229809529944813
167,EMAMILTD,2016-10-07,2016-11-07,0.19999999999999998,581.925,607.5,0.008789792499033397
168,GSKCONS,2016-10-07,2016-11-07,0.16842105263157892,6190.75,5908.65,-0.007674607914609453
169,SANOFI,2016-10-07,2016-11-07,0.13684210526315788,2773.37,2876.97,0.005111774521705774
170,AIAENG,2016-11-08,2016-12-07,0.26315789473684204,1263.5,1285.0,0.004477953887488804
171,CRISIL,2016-11-08,2016-12-07,0.23157894736842102,2200.95,2247.0,0.0048452761427182954
172,EMAMILTD,2016-11-08,2016-12-07,0.19999999999999998,587.3,512.625,-0.025429933594415106
173,PGHH,2016-11-08,2016-12-07,0.16842105263157892,6959.65,6723.95,-0.005703856099841677
174,GSKCONS,2016-11-08,2016-12-07,0.13684210526315788,5751.0,5005.0,-0.017750688667417105
175,AIAENG,2016-12-07,2017-01-05,0.26315789473684204,1285.0,1299.95,0.003061642432930584
176,PGHH,2016-12-07,2017-01-05,0.23157894736842102,6723.95,6947.95,0.007714763525981947
177,CRISIL,2016-12-07,2017-01-05,0.19999999999999998,2247.0,2236.95,-0.0008945260347129667
178,GSKCONS,2016-12-07,2017-01-05,0.16842105263157892,5005.0,5096.0,0.0030622009569377987
179,PFIZER,2016-12-07,2017-01-05,0.13684210526315788,1879.95,1836.0,-0.0031991332356263702
180,AIAENG,2017-01-06,2017-02-06,0.26315789473684204,1308.0,1374.0,0.013278609367455332
181,PGHH,2017-01-06,2017-02-06,0.23157894736842102,6930.0,7001.45,0.002387635756056802
182,ALKEM,2017-01-06,2017-02-06,0.19999999999999998,1664.9,1834.0,0.02031353234428493
183,NAUKRI,2017-01-06,2017-02-06,0.16842105263157892,173.59,166.26,-0.007111736366089495
184,PFIZER,2017-01-06,2017-02-06,0.13684210526315788,1802.75,1780.0,-0.0017268938536884437
185,PGHH,2017-02-07,2017-03-08,0.26315789473684204,7071.0,6920.6,-0.005597362094247058
186,AIAENG,2017-02-07,2017-03-08,0.23157894736842102,1395.0,1478.0,0.013778532352386342
187,GLAXO,2017-02-07,2017-03-08,0.19999999999999998,1371.375,1347.85,-0.0034308631847598343
188,ALKEM,2017-02-07,2017-03-08,0.16842105263157892,1822.0,2048.0,0.020890866023456002
189,PFIZER,2017-02-07,2017-03-08,0.13684210526315788,1779.0,1752.6,-0.0020307091506168522
190,PFIZER,2017-03-09,2017-04-07,0.26315789473684204,1737.05,1894.05,0.023785031791649175
191,PGHH,2017-03-09,2017-04-07,0.23157894736842102,6909.25,7377.45,0.01569276884725472
192,ALKEM,2017-03-09,2017-04-07,0.19999999999999998,1980.0,2195.0,0.021717171717171715
193,GLAXO,2017-03-09,2017-04-07,0.16842105263157892,1351.4,1360.0,0.0010717929943995584
194,VAKRANGEE,2017-03-09,2017-04-07,0.13684210526315788,154.9,164.1,0.008127484625055201
195,GLAXO,2017-04-10,2017-05-08,0.26315789473684204,1367.7,1225.025,-0.027451965073904308
196,PGHH,2017-04-10,2017-05-08,0.23157894736842102,7301.0,7684.0,0.012148299800315746
197,ALKEM,2017-04-10,2017-05-08,0.19999999999999998,2204.0,1935.2,-0.024392014519056253
198,VAKRANGEE,2017-04-10,2017-05-08,0.16842105263157892,163.0,173.0,0.010332579916047786
199,INDIGO,2017-04-10,2017-05-08,0.13684210526315788,1037.9,1116.65,0.010382807389414859
200,GLAXO,2017-05-10,2017-06-08,0.26315789473684204,1212.5,1235.0,0.004883342376559956
201,PGHH,2017-05-10,2017-06-08,0.23157894736842102,7999.9,7901.0,-0.0028629305234736378
202,ALKEM,2017-05-10,2017-06-08,0.19999999999999998,1920.0,1895.0,-0.0026041666666666665
203,VAKRANGEE,2017-05-10,2017-06-08,0.16842105263157892,176.275,205.175,0.02761235808284006
204,INDIGO,2017-05-10,2017-06-08,0.13684210526315788,1130.0,1143.6,0.0016469492314857828
205,GLAXO,2017-06-09,2017-07-10,0.26315789473684204,1240.45,1297.525,0.012108296861707663
206,PGHH,2017-06-09,2017-07-10,0.23157894736842102,7944.0,7991.0,0.0013701171357396512
207,NAUKRI,2017-06-09,2017-07-10,0.19999999999999998,208.8,204.74,-0.0038888888888888905
208,VAKRANGEE,2017-06-09,2017-07-10,0.16842105263157892,208.0,213.4,0.0043724696356275345
209,ALKEM,2017-06-09,2017-07-10,0.13684210526315788,1894.0,1810.5,-0.006032901683988217
210,GLAXO,2017-07-11,2017-08-09,0.26315789473684204,1305.0,1187.5,-0.02369429320427505
211,NAUKRI,2017-07-11,2017-08-09,0.23157894736842102,207.65,207.06,-0.0006579897854436271
212,INDIGO,2017-07-11,2017-08-09,0.19999999999999998,1242.55,1293.0,0.008120397569514312
213,PGHH,2017-07-11,2017-08-09,0.16842105263157892,8015.2,8061.3,0.0009686858127452651
214,VAKRANGEE,2017-07-11,2017-08-09,0.13684210526315788,223.35,223.8,0.0002757060549291398
215,GLAXO,2017-08-09,2017-09-07,0.26315789473684204,1187.5,1226.675,0.008681440443213284
216,NAUKRI,2017-08-09,2017-09-07,0.23157894736842102,207.06,192.79,-0.015959777740497297
217,INDIGO,2017-08-09,2017-09-07,0.19999999999999998,1293.0,1226.15,-0.010340293890177866
218,PGHH,2017-08-09,2017-09-07,0.16842105263157892,8061.3,8395.0,0.006971841422991063
219,ALKEM,2017-08-09,2017-09-07,0.13684210526315788,1830.5,1771.4,-0.004418119869463326
220,GLAXO,2017-09-08,2017-10-09,0.26315789473684204,1227.35,1207.025,-0.004357912747403973
221,TCS,2017-09-08,2017-10-09,0.23157894736842102,1226.875,1220.525,-0.0011985950612649638
222,PGHH,2017-09-08,2017-10-09,0.19999999999999998,8444.0,8650.0,0.004879204168640454
223,WIPRO,2017-09-08,2017-10-09,0.16842105263157892,112.78,107.5,-0.007884936672235653
224,VAKRANGEE,2017-09-08,2017-10-09,0.13684210526315788,244.95,244.5,-0.0002513939472072647
225,GLAXO,2017-10-10,2017-11-08,0.26315789473684204,1209.925,1322.875,0.024566550993265136
226,PGHH,2017-10-10,2017-11-08,0.23157894736842102,8586.0,8788.0,0.0054482817806220645
227,WIPRO,2017-10-10,2017-11-08,0.19999999999999998,107.82,114.19,0.011815989612316833
228,CRISIL,2017-10-10,2017-11-08,0.16842105263157892,1781.0,1790.1,0.0008605455243949202
229,APLLTD,2017-10-10,2017-11-08,0.13684210526315788,504.0,513.0,0.0024436090225563906
230,GLAXO,2017-11-08,2017-12-07,0.26315789473684204,1322.875,1229.5,-0.01857497376626864
231,WIPRO,2017-11-08,2017-12-07,0.23157894736842102,114.19,106.6,-0.015392628168196133
232,PGHH,2017-11-08,2017-12-07,0.19999999999999998,8788.0,9749.0,0.021870732817478377
233,HCLTECH,2017-11-08,2017-12-07,0.16842105263157892,441.0,430.075,-0.0041723356009070334
234,VAKRANGEE,2017-11-08,2017-12-07,0.13684210526315788,279.95,366.3,0.042208665081170514
235,TCS,2017-12-08,2018-01-08,0.26315789473684204,1309.0,1350.0,0.008242531462345703
236,HCLTECH,2017-12-08,2018-01-08,0.23157894736842102,434.85,450.075,0.008108059040322415
237,VAKRANGEE,2017-12-08,2018-01-08,0.19999999999999998,376.6,404.55,0.014843335103558144
238,APLLTD,2017-12-08,2018-01-08,0.16842105263157892,518.0,527.95,0.0032351148140621964
239,GLAXO,2017-12-08,2018-01-08,0.13684210526315788,1217.2,1244.1,0.0030241970354739794
240,HCLTECH,2018-01-09,2018-02-07,0.26315789473684204,450.25,479.1,0.016861977264093057
241,LALPATHLAB,2018-01-09,2018-02-07,0.23157894736842102,899.95,866.3,-0.008658960585529627
242,TCS,2018-01-09,2018-02-07,0.19999999999999998,1357.5,1513.5,0.022983425414364638
243,GSKCONS,2018-01-09,2018-02-07,0.16842105263157892,6360.0,6375.0,0.0003972194637537238
244,APLLTD,2018-01-09,2018-02-07,0.13684210526315788,540.15,522.55,-0.004458800430679592
245,HCLTECH,2018-02-07,2018-03-08,0.26315789473684204,479.1,476.5,-0.0014281163145810796
246,WIPRO,2018-02-07,2018-03-08,0.23157894736842102,112.11,107.69,-0.009130130651756501
247,TCS,2018-02-07,2018-03-08,0.19999999999999998,1513.5,1527.45,0.0018434093161546145
248,LALPATHLAB,2018-02-07,2018-03-08,0.16842105263157892,866.3,875.0,0.0016914038530471479
249,GLAXO,2018-02-07,2018-03-08,0.13684210526315788,1230.075,1142.8,-0.009709078500776062
250,HCLTECH,2018-03-09,2018-04-09,0.26315789473684204,475.0,477.15,0.0011911357340720092
251,GSKCONS,2018-03-09,2018-04-09,0.23157894736842102,6610.0,6169.0,-0.01545027470339995
252,TCS,2018-03-09,2018-04-09,0.19999999999999998,1502.5,1469.85,-0.004346089850249596
253,WIPRO,2018-03-09,2018-04-09,0.16842105263157892,107.14,107.03,-0.00017291689181886863
254,LALPATHLAB,2018-03-09,2018-04-09,0.13684210526315788,894.0,871.0,-0.003520546332273637
255,HCLTECH,2018-04-10,2018-05-09,0.26315789473684204,476.55,462.0,-0.008034723257624707
256,PGHH,2018-04-10,2018-05-09,0.23157894736842102,9571.05,9700.0,0.0031200448501635726
257,WIPRO,2018-04-10,2018-05-09,0.19999999999999998,105.49,102.63,-0.005422314911366005
258,TCS,2018-04-10,2018-05-09,0.16842105263157892,1462.85,1720.1,0.029617743302097738
259,RAJESHEXPO,2018-04-10,2018-05-09,0.13684210526315788,700.55,650.0,-0.009874196589897402
260,PGHH,2018-05-09,2018-06-07,0.26315789473684204,9700.0,9242.45,-0.01241318502441669
261,WIPRO,2018-05-09,2018-06-07,0.23157894736842102,102.63,97.01,-0.01268122073672926
262,HCLTECH,2018-05-09,2018-06-07,0.19999999999999998,462.0,452.5,-0.004112554112554113
263,TCS,2018-05-09,2018-06-07,0.16842105263157892,1720.1,1725.0,0.00047977626759766994
264,RAJESHEXPO,2018-05-09,2018-06-07,0.13684210526315788,650.0,594.5,-0.011684210526315788
265,PGHH,2018-06-08,2018-07-09,0.26315789473684204,9384.9,9994.9,0.01710474440744959
266,RAJESHEXPO,2018-06-08,2018-07-09,0.23157894736842102,595.5,575.0,-0.007972071236024569
267,CROMPTON,2018-06-08,2018-07-09,0.19999999999999998,225.0,228.0,0.0026666666666666666
268,TCS,2018-06-08,2018-07-09,0.16842105263157892,1735.0,1924.0,0.01834673138176854
269,TECHM,2018-06-08,2018-07-09,0.13684210526315788,705.0,640.0,-0.012616648002986187
270,PGHH,2018-07-10,2018-08-08,0.26315789473684204,10050.0,10793.9,0.019478921183555892
271,RAJESHEXPO,2018-07-10,2018-08-08,0.23157894736842102,575.1,646.0,0.028549725905792113
272,CROMPTON,2018-07-10,2018-08-08,0.19999999999999998,228.0,262.55,0.030307017543859657
273,TCS,2018-07-10,2018-08-08,0.16842105263157892,1898.0,1972.0,0.006566468859186955
274,TECHM,2018-07-10,2018-08-08,0.13684210526315788,649.0,660.0,0.00231935771632471
275,PGHH,2018-08-08,2018-09-06,0.26315789473684204,10793.9,10077.0,-0.017478195530516494
276,TCS,2018-08-08,2018-09-06,0.23157894736842102,1972.0,2075.0,0.012095654958898258
277,RAJESHEXPO,2018-08-08,2018-09-06,0.19999999999999998,646.0,677.0,0.00959752321981424
278,WIPRO,2018-08-08,2018-09-06,0.16842105263157892,105.06,120.3,0.024431152123598532
279,CROMPTON,2018-08-08,2018-09-06,0.13684210526315788,262.55,223.9,-0.020144533873247203
280,PGHH,2018-09-07,2018-10-08,0.26315789473684204,9960.0,9202.65,-0.020010304375396325
281,RAJESHEXPO,2018-09-07,2018-10-08,0.23157894736842102,675.45,682.55,0.0024342446166492975
282,TCS,2018-09-07,2018-10-08,0.19999999999999998,2079.3,2102.65,0.002245948155629289
283,MPHASIS,2018-09-07,2018-10-08,0.16842105263157892,1249.0,1127.0,-0.016451055581307147
284,WIPRO,2018-09-07,2018-10-08,0.13684210526315788,121.02,120.83,-0.00021484052222772837
285,RAJESHEXPO,2018-10-09,2018-11-07,0.26315789473684204,694.0,572.45,-0.046090550583952644
286,PGHH,2018-10-09,2018-11-07,0.23157894736842102,9006.0,9500.0,0.012702642682656006
287,TCS,2018-10-09,2018-11-07,0.19999999999999998,2080.35,1940.0,-0.013492921864109395
288,CROMPTON,2018-10-09,2018-11-07,0.16842105263157892,207.9,214.9,0.005670742512847774
289,WIPRO,2018-10-09,2018-11-07,0.13684210526315788,119.17,122.33,0.0036286066344850083
290,RAJESHEXPO,2018-11-07,2018-12-06,0.26315789473684204,572.45,570.7,-0.0008044830391990104
291,PGHH,2018-11-07,2018-12-06,0.23157894736842102,9500.0,9600.2,0.002442548476454311
292,GICRE,2018-11-07,2018-12-06,0.19999999999999998,324.0,275.0,-0.03024691358024691
293,WIPRO,2018-11-07,2018-12-06,0.16842105263157892,122.33,125.28,0.004061490274365719
294,TCS,2018-11-07,2018-12-06,0.13684210526315788,1940.0,1998.0,0.004091155724362452
295,RAJESHEXPO,2018-12-07,2019-01-07,0.26315789473684204,570.4,574.75,0.0020069018970989986
296,PGHH,2018-12-07,2019-01-07,0.23157894736842102,9560.0,9860.0,0.007267121779343755
297,GICRE,2018-12-07,2019-01-07,0.19999999999999998,275.4,264.5,-0.007915758896151037
298,WIPRO,2018-12-07,2019-01-07,0.16842105263157892,125.11,122.59,-0.0033923831239035906
299,SANOFI,2018-12-07,2019-01-07,0.13684210526315788,4132.67,4098.03,-0.0011470092038115393
300,RAJESHEXPO,2019-01-08,2019-02-06,0.26315789473684204,571.6,574.8,0.0014732422378549274
301,GICRE,2019-01-08,2019-02-06,0.23157894736842102,263.6,249.85,-0.012079706093762502
302,PGHH,2019-01-08,2019-02-06,0.19999999999999998,9804.0,9990.0,0.003794369645042839
303,INDUSTOWER,2019-01-08,2019-02-06,0.16842105263157892,292.7,290.0,-0.0015535935842338955
304,TCS,2019-01-08,2019-02-06,0.13684210526315788,1905.4,2049.9,0.01037770767845403
305,RAJESHEXPO,2019-02-06,2019-03-07,0.26315789473684204,574.8,571.9,-0.001327692927517112
306,GICRE,2019-02-06,2019-03-07,0.23157894736842102,249.85,250.4,0.0005097795519417018
307,PGHH,2019-02-06,2019-03-07,0.19999999999999998,9990.0,10651.0,0.013233233233233232
308,INDUSTOWER,2019-02-06,2019-03-07,0.16842105263157892,290.0,305.9,0.009234119782214141
309,ALKEM,2019-02-06,2019-03-07,0.13684210526315788,1918.9,1758.95,-0.01140648013801767
310,RAJESHEXPO,2019-03-08,2019-04-08,0.26315789473684204,574.3,678.95,0.047953114546770925
311,INDUSTOWER,2019-03-08,2019-04-08,0.23157894736842102,304.8,317.95,0.009991020859234683
312,PGHH,2019-03-08,2019-04-08,0.19999999999999998,10549.9,10665.4,0.0021895942141631672
313,GICRE,2019-03-08,2019-04-08,0.16842105263157892,246.15,255.05,0.0060895688337235555
314,ALKEM,2019-03-08,2019-04-08,0.13684210526315788,1752.55,1755.0,0.00019130019565475625
315,RAJESHEXPO,2019-04-09,2019-05-08,0.26315789473684204,671.45,689.45,0.007054646072325797
316,INDUSTOWER,2019-04-09,2019-05-08,0.23157894736842102,316.1,268.0,-0.035238681962736655
317,PGHH,2019-04-09,2019-05-08,0.19999999999999998,10730.0,10325.0,-0.007548928238583411
318,ALKEM,2019-04-09,2019-05-08,0.16842105263157892,1750.0,1684.05,-0.0063470676691729355
319,TCS,2019-04-09,2019-05-08,0.13684210526315788,2070.0,2151.0,0.005354691075514874
320,RAJESHEXPO,2019-05-08,2019-06-06,0.26315789473684204,689.45,657.55,-0.01217599077830921
321,PGHH,2019-05-08,2019-06-06,0.23157894736842102,10325.0,10939.85,0.013790442207212953
322,INDUSTOWER,2019-05-08,2019-06-06,0.19999999999999998,268.0,274.25,0.0046641791044776115
323,ALKEM,2019-05-08,2019-06-06,0.16842105263157892,1684.05,1767.3,0.008325793552197943
324,MPHASIS,2019-05-08,2019-06-06,0.13684210526315788,960.25,965.35,0.0007267844174351556
325,RAJESHEXPO,2019-06-07,2019-07-08,0.26315789473684204,657.95,726.75,0.02751768851416478
326,MPHASIS,2019-06-07,2019-07-08,0.23157894736842102,970.0,979.4,0.0022441671188279918
327,INDUSTOWER,2019-06-07,2019-07-08,0.19999999999999998,274.5,262.0,-0.009107468123861567
328,PGHH,2019-06-07,2019-07-08,0.16842105263157892,10770.0,10930.0,0.0025020769193177927
329,ALKEM,2019-06-07,2019-07-08,0.13684210526315788,1767.5,1746.8,-0.0016026204124171847
330,RAJESHEXPO,2019-07-09,2019-08-07,0.26315789473684204,688.5,687.45,-0.00040133012269233435
331,MPHASIS,2019-07-09,2019-08-07,0.23157894736842102,970.0,956.0,-0.0033423765599565917
332,ALKEM,2019-07-09,2019-08-07,0.19999999999999998,1770.0,1680.0,-0.010169491525423728
333,INDUSTOWER,2019-07-09,2019-08-07,0.16842105263157892,261.25,246.8,-0.009315537647947611
334,APLLTD,2019-07-09,2019-08-07,0.13684210526315788,545.0,515.4,-0.0074321583775953685
335,RAJESHEXPO,2019-08-07,2019-09-05,0.26315789473684204,687.45,676.95,-0.004019431078241096
336,ALKEM,2019-08-07,2019-09-05,0.23157894736842102,1680.0,1824.8,0.019959899749373424
337,MPHASIS,2019-08-07,2019-09-05,0.19999999999999998,956.0,968.45,0.0026046025104602606
338,APLLTD,2019-08-07,2019-09-05,0.16842105263157892,515.4,495.0,-0.006666258194963535
339,SANOFI,2019-08-07,2019-09-05,0.13684210526315788,4033.33,4113.3,0.0027132079839474505
340,RAJESHEXPO,2019-09-06,2019-10-07,0.26315789473684204,673.25,669.5,-0.001465788496491879
341,ALKEM,2019-09-06,2019-10-07,0.23157894736842102,1851.75,1920.5,0.008597841302324258
342,MPHASIS,2019-09-06,2019-10-07,0.19999999999999998,965.0,946.7,-0.0037927461139896277
343,PGHH,2019-09-06,2019-10-07,0.16842105263157892,10098.7,11410.0,0.021869203592124662
344,INDUSTOWER,2019-09-06,2019-10-07,0.13684210526315788,249.5,246.0,-0.0019196287311465032
345,RAJESHEXPO,2019-10-09,2019-11-06,0.26315789473684204,671.45,675.5,0.0015872953662732863
346,ALKEM,2019-10-09,2019-11-06,0.23157894736842102,1941.05,2042.0,0.01204394257584406
347,MPHASIS,2019-10-09,2019-11-06,0.19999999999999998,951.6,915.0,-0.007692307692307696
348,APLLTD,2019-10-09,2019-11-06,0.16842105263157892,539.95,583.5,0.0135841037912867
349,INFY,2019-10-09,2019-11-06,0.13684210526315788,795.45,695.8,-0.01714289495188094
350,RAJESHEXPO,2019-11-06,2019-12-05,0.26315789473684204,675.5,675.45,-1.947874868516674e-05
351,MPHASIS,2019-11-06,2019-12-05,0.23157894736842102,915.0,869.0,-0.011642220304860512
352,ALKEM,2019-11-06,2019-12-05,0.19999999999999998,2042.0,2060.45,0.0018070519098922447
353,LTIM,2019-11-06,2019-12-05,0.16842105263157892,1661.0,1671.0,0.0010139738268005955
354,INFY,2019-11-06,2019-12-05,0.13684210526315788,695.8,706.45,0.002094522019334067
355,RAJESHEXPO,2019-12-06,2020-01-06,0.26315789473684204,675.8,694.0,0.007087117023099345
356,ALKEM,2019-12-06,2020-01-06,0.23157894736842102,2091.9,2100.0,0.0008966917508887561
357,MPHASIS,2019-12-06,2020-01-06,0.19999999999999998,859.6,883.0,0.005444392740809673
358,LTIM,2019-12-06,2020-01-06,0.16842105263157892,1645.8,1802.0,0.015984547588438834
359,TCS,2019-12-06,2020-01-06,0.13684210526315788,2124.0,2205.0,0.005218554861730597
360,RAJESHEXPO,2020-01-07,2020-02-05,0.26315789473684204,691.45,718.5,0.010294918002215004
361,ALKEM,2020-01-07,2020-02-05,0.23157894736842102,2095.0,2396.0,0.033272201984675294
362,LTIM,2020-01-07,2020-02-05,0.19999999999999998,1816.0,1949.95,0.01475220264317181
363,MPHASIS,2020-01-07,2020-02-05,0.16842105263157892,878.0,920.0,0.00805658793909603
364,AJANTPHARM,2020-01-07,2020-02-05,0.13684210526315788,653.533333333333,796.666666666667,0.029970417219218757
365,RAJESHEXPO,2020-02-05,2020-03-05,0.26315789473684204,718.5,682.65,-0.013130425227996928
366,LTIM,2020-02-05,2020-03-05,0.23157894736842102,1949.95,1896.0,-0.006407181830573258
367,ALKEM,2020-02-05,2020-03-05,0.19999999999999998,2396.0,2550.0,0.012854757929883137
368,TCS,2020-02-05,2020-03-05,0.16842105263157892,2115.0,2085.7,-0.002333208908796829
369,MPHASIS,2020-02-05,2020-03-05,0.13684210526315788,920.0,853.9,-0.009831807780320369
370,RAJESHEXPO,2020-03-06,2020-04-07,0.26315789473684204,676.5,640.0,-0.014198467343525107
371,LTIM,2020-03-06,2020-04-07,0.23157894736842102,1860.0,1395.0,-0.057894736842105256
372,ALKEM,2020-03-06,2020-04-07,0.19999999999999998,2551.0,2360.0,-0.014974519796158367
373,TCS,2020-03-06,2020-04-07,0.16842105263157892,2098.0,1710.0,-0.03114745873262756
374,MPHASIS,2020-03-06,2020-04-07,0.13684210526315788,824.95,690.0,-0.022385407728060077
375,RAJESHEXPO,2020-04-08,2020-05-07,0.26315789473684204,625.0,553.85,-0.029957894736842086
376,ALKEM,2020-04-08,2020-05-07,0.23157894736842102,2360.0,2617.0,0.025218554861730594
377,VBL,2020-04-08,2020-05-07,0.19999999999999998,121.0444444444445,137.7555555555555,0.027611529282173492
378,SANOFI,2020-04-08,2020-05-07,0.16842105263157892,4763.27,5320.7,0.019709768156837826
379,IPCALAB,2020-04-08,2020-05-07,0.13684210526315788,804.75,778.175,-0.004518892758457194
380,RAJESHEXPO,2020-05-06,2020-06-04,0.26315789473684204,563.0,485.55,-0.03620173880527249
381,ALKEM,2020-05-06,2020-06-04,0.23157894736842102,2694.0,2430.15,-0.022680811159301362
382,IPCALAB,2020-05-06,2020-06-04,0.19999999999999998,794.0,773.5,-0.005163727959697733
383,SANOFI,2020-05-06,2020-06-04,0.16842105263157892,5283.33,5500.0,0.006906967665030239
384,LUPIN,2020-05-06,2020-06-04,0.13684210526315788,834.95,870.0,0.00574443474396512
385,RAJESHEXPO,2020-06-08,2020-07-06,0.26315789473684204,491.75,487.35,-0.002354641051026129
386,ALKEM,2020-06-08,2020-07-06,0.23157894736842102,2430.0,2359.9,-0.006680528481698062
387,IPCALAB,2020-06-08,2020-07-06,0.19999999999999998,753.0,830.0,0.02045152722443559
388,LUPIN,2020-06-08,2020-07-06,0.16842105263157892,905.0,896.0,-0.0016749054957836578
389,SANOFI,2020-06-08,2020-07-06,0.13684210526315788,5423.33,5203.33,-0.005551066071563916
390,RAJESHEXPO,2020-07-08,2020-08-06,0.26315789473684204,487.0,470.0,-0.009186209877877443
391,ALKEM,2020-07-08,2020-08-06,0.23157894736842102,2345.0,2901.0,0.0549074177982269
392,IPCALAB,2020-07-08,2020-08-06,0.19999999999999998,820.0,981.0,0.03926829268292682
393,LUPIN,2020-07-08,2020-08-06,0.16842105263157892,874.0,932.8,0.01133084427315427
394,SANOFI,2020-07-08,2020-08-06,0.13684210526315788,5033.33,5556.67,0.01422814466137151
395,RAJESHEXPO,2020-08-07,2020-09-07,0.26315789473684204,474.4,452.5,-0.012148309221620647
396,ALKEM,2020-08-07,2020-09-07,0.23157894736842102,2889.0,2814.95,-0.005935763604233859
397,IPCALAB,2020-08-07,2020-09-07,0.19999999999999998,990.0,1011.45,0.004333333333333343
398,LUPIN,2020-08-07,2020-09-07,0.16842105263157892,906.65,949.0,0.007867017679311058
399,SANOFI,2020-08-07,2020-09-07,0.13684210526315788,5424.67,5600.0,0.004422854535997482
400,ALKEM,2020-09-08,2020-10-07,0.26315789473684204,2829.0,2770.0,-0.005488269985674684
401,RAJESHEXPO,2020-09-08,2020-10-07,0.23157894736842102,453.9,474.85,0.010688651569439152
402,IPCALAB,2020-09-08,2020-10-07,0.19999999999999998,1020.0,1072.0,0.010196078431372548
403,LUPIN,2020-09-08,2020-10-07,0.16842105263157892,930.3,1031.6,0.01833930197955384
404,SANOFI,2020-09-08,2020-10-07,0.13684210526315788,5608.0,5852.0,0.005953900442976199
405,ALKEM,2020-10-07,2020-11-05,0.26315789473684204,2770.0,2709.7,-0.005728671860155821
406,PGHH,2020-10-07,2020-11-05,0.23157894736842102,9946.0,10186.35,0.0055962195857631285
407,SANOFI,2020-10-07,2020-11-05,0.19999999999999998,5852.0,5566.67,-0.009751537935748459
408,IPCALAB,2020-10-07,2020-11-05,0.16842105263157892,1072.0,1198.45,0.019866457187745486
409,RAJESHEXPO,2020-10-07,2020-11-05,0.13684210526315788,474.85,444.85,-0.00864538940274768
410,ALKEM,2020-11-06,2020-12-07,0.26315789473684204,2750.0,2865.0,0.011004784688995213
411,PGHH,2020-11-06,2020-12-07,0.23157894736842102,10180.0,11000.0,0.018653706958949433
412,SANOFI,2020-11-06,2020-12-07,0.19999999999999998,5564.0,5299.3,-0.009514737598849741
413,IPCALAB,2020-11-06,2020-12-07,0.16842105263157892,1190.25,1124.025,-0.009370875203130687
414,RAJESHEXPO,2020-11-06,2020-12-07,0.13684210526315788,451.0,486.9,0.010892752946668215
415,ALKEM,2020-12-08,2021-01-06,0.26315789473684204,2948.0,2999.95,0.004637399128758105
416,PGHH,2020-12-08,2021-01-06,0.23157894736842102,10990.0,11042.0,0.0010957329629807
417,SANOFI,2020-12-08,2021-01-06,0.19999999999999998,5370.0,5453.33,0.0031035381750465518
418,IPCALAB,2020-12-08,2021-01-06,0.16842105263157892,1107.5,1081.575,-0.003942497326838533
419,LUPIN,2020-12-08,2021-01-06,0.13684210526315788,971.0,1039.95,0.00971705783511302
420,PGHH,2021-01-06,2021-02-04,0.26315789473684204,11042.0,12319.85,0.03045429413054462
421,ALKEM,2021-01-06,2021-02-04,0.23157894736842102,2999.95,2956.25,-0.003373389556492594
422,SANOFI,2021-01-06,2021-02-04,0.19999999999999998,5453.33,5292.67,-0.0058921796406965965
423,IPCALAB,2021-01-06,2021-02-04,0.16842105263157892,1081.575,1027.5,-0.008420468687841931
424,LUPIN,2021-01-06,2021-02-04,0.13684210526315788,1039.95,1040.5,7.237190047091745e-05
425,ALKEM,2021-02-05,2021-03-08,0.26315789473684204,3014.7,2794.2,-0.019247791086832413
426,SANOFI,2021-02-05,2021-03-08,0.23157894736842102,5229.33,5518.67,0.012813315019625645
427,PGHH,2021-02-05,2021-03-08,0.19999999999999998,12401.0,13055.7,0.010558825901137017
428,IPCALAB,2021-02-05,2021-03-08,0.16842105263157892,1004.5,964.9,-0.0066395955044405465
429,RAJESHEXPO,2021-02-05,2021-03-08,0.13684210526315788,479.75,507.45,0.00790104495214064
430,ALKEM,2021-03-09,2021-04-07,0.26315789473684204,2791.3,2740.0,-0.004836456131551622
431,SANOFI,2021-03-09,2021-04-07,0.23157894736842102,5550.0,5346.67,-0.008484134660976762
432,PGHH,2021-03-09,2021-04-07,0.19999999999999998,13005.85,12619.95,-0.005934252663224619
433,IPCALAB,2021-03-09,2021-04-07,0.16842105263157892,969.925,973.5,0.0006207750734932106
434,LUPIN,2021-03-09,2021-04-07,0.13684210526315788,1054.45,1045.0,-0.0012263814260864412
435,ALKEM,2021-04-08,2021-05-07,0.26315789473684204,2745.0,2870.0,0.011983510689291531
436,PGHH,2021-04-08,2021-05-07,0.23157894736842102,12890.0,13410.0,0.009342207341472376
437,SANOFI,2021-04-08,2021-05-07,0.19999999999999998,5373.33,5159.83,-0.007946655053756236
438,ABBOTINDIA,2021-04-08,2021-05-07,0.16842105263157892,15339.0,15458.95,0.0013170418712535375
439,NATCOPHARM,2021-04-08,2021-05-07,0.13684210526315788,854.6,954.0,0.015916341286166497
440,PGHH,2021-05-10,2021-06-07,0.26315789473684204,13592.0,12999.95,-0.011462818685914299
441,ABBOTINDIA,2021-05-10,2021-06-07,0.23157894736842102,15845.0,15945.8,0.001473219179219733
442,SANOFI,2021-05-10,2021-06-07,0.19999999999999998,5196.67,5194.63,-7.851181622077075e-05
443,PFIZER,2021-05-10,2021-06-07,0.16842105263157892,5366.7,5195.0,-0.0053883941224294385
444,ALKEM,2021-05-10,2021-06-07,0.13684210526315788,2935.0,3164.95,0.010721240921725087
445,PGHH,2021-06-09,2021-07-08,0.26315789473684204,13073.0,13444.0,0.007468184727864178
446,ABBOTINDIA,2021-06-09,2021-07-08,0.23157894736842102,15955.0,17260.7,0.01895159082287355
447,PFIZER,2021-06-09,2021-07-08,0.19999999999999998,5450.0,5730.0,0.010275229357798165
448,SANOFI,2021-06-09,2021-07-08,0.16842105263157892,5176.57,5165.33,-0.00036569632625056946
449,ALKEM,2021-06-09,2021-07-08,0.13684210526315788,3178.0,3311.0,0.005726872246696034
450,PGHH,2021-07-09,2021-08-09,0.26315789473684204,13250.0,12725.0,-0.010427010923535252
451,ABBOTINDIA,2021-07-09,2021-08-09,0.23157894736842102,17205.05,17676.7,0.006348380883886773
452,SANOFI,2021-07-09,2021-08-09,0.19999999999999998,5300.0,5870.0,0.021509433962264148
453,PFIZER,2021-07-09,2021-08-09,0.16842105263157892,5750.0,5833.0,0.0024311212814645306
454,ALKEM,2021-07-09,2021-08-09,0.13684210526315788,3324.5,3501.0,0.007265041834545755
455,PGHH,2021-08-10,2021-09-08,0.26315789473684204,12630.0,13951.0,0.02752427386756677
456,ABBOTINDIA,2021-08-10,2021-09-08,0.23157894736842102,17599.0,19700.0,0.027646307655040205
457,PFIZER,2021-08-10,2021-09-08,0.19999999999999998,5920.0,6049.0,0.004358108108108108
458,SANOFI,2021-08-10,2021-09-08,0.16842105263157892,5986.67,5533.33,-0.012753667731810841
459,VGUARD,2021-08-10,2021-09-08,0.13684210526315788,243.0,265.0,0.01238899718431882
460,ABBOTINDIA,2021-09-08,2021-10-07,0.26315789473684204,19700.0,22475.85,0.037080550360673224
461,PGHH,2021-09-08,2021-10-07,0.23157894736842102,13951.0,13970.0,0.0003153895778080424
462,PFIZER,2021-09-08,2021-10-07,0.19999999999999998,6049.0,5603.0,-0.01474623904777649
463,AJANTPHARM,2021-09-08,2021-10-07,0.16842105263157892,1460.0,1510.66666666667,0.0058447488584478634
464,SANOFI,2021-09-08,2021-10-07,0.13684210526315788,5533.33,5302.0,-0.0057209102313663385
465,PGHH,2021-10-08,2021-11-08,0.26315789473684204,13853.0,14546.95,0.013182590128681998
466,PFIZER,2021-10-08,2021-11-08,0.23157894736842102,5589.9,5211.0,-0.015697107847706514
467,BRITANNIA,2021-10-08,2021-11-08,0.19999999999999998,3915.0,3666.0,-0.012720306513409961
468,LALPATHLAB,2021-10-08,2021-11-08,0.16842105263157892,3714.0,3640.0,-0.003355723719638352
469,AJANTPHARM,2021-10-08,2021-11-08,0.13684210526315788,1544.0,1459.33333333333,-0.007503863285156182
470,PGHH,2021-11-09,2021-12-08,0.26315789473684204,14478.35,15050.0,0.01039028691296423
471,BRITANNIA,2021-11-09,2021-12-08,0.23157894736842102,3590.0,3489.95,-0.0064538923911450045
472,SANOFI,2021-11-09,2021-12-08,0.19999999999999998,5399.33,5186.67,-0.007877273661732099
473,AJANTPHARM,2021-11-09,2021-12-08,0.16842105263157892,1444.03333333333,1391.83333333333,-0.006088210531175465
474,EMAMILTD,2021-11-09,2021-12-08,0.13684210526315788,557.85,532.9,-0.006120302099696683
475,PGHH,2021-12-08,2022-01-06,0.26315789473684204,15050.0,15492.05,0.007729498164014673
476,PFIZER,2021-12-08,2022-01-06,0.23157894736842102,4827.1,5063.8,0.0113556248766558
477,EMAMILTD,2021-12-08,2022-01-06,0.19999999999999998,532.9,509.9,-0.008632013510977669
478,CIPLA,2021-12-08,2022-01-06,0.16842105263157892,895.0,928.55,0.006313437224345771
479,LALPATHLAB,2021-12-08,2022-01-06,0.13684210526315788,3540.0,3820.0,0.010823669342848646
480,CIPLA,2022-01-07,2022-02-07,0.26315789473684204,926.4,946.2,0.005624488682847032
481,AJANTPHARM,2022-01-07,2022-02-07,0.23157894736842102,1474.16666666667,1412.0,-0.009765850465621864
482,PGHH,2022-01-07,2022-02-07,0.19999999999999998,15550.0,15225.0,-0.004180064308681672
483,EMAMILTD,2022-01-07,2022-02-07,0.16842105263157892,517.0,504.45,-0.004088364043571213
484,COLPAL,2022-01-07,2022-02-07,0.13684210526315788,1460.0,1455.1,-0.0004592645998558124
485,CIPLA,2022-02-08,2022-03-09,0.26315789473684204,933.3,969.55,0.01022122970557219
486,AJANTPHARM,2022-02-08,2022-03-09,0.23157894736842102,1414.9,1163.33333333333,-0.041174318933952854
487,SANOFI,2022-02-08,2022-03-09,0.19999999999999998,4930.0,4760.0,-0.006896551724137931
488,PGHH,2022-02-08,2022-03-09,0.16842105263157892,15064.8,14451.25,-0.006859350063864447
489,IPCALAB,2022-02-08,2022-03-09,0.13684210526315788,1024.0,1020.2,-0.0005078124999999938
490,CIPLA,2022-03-09,2022-04-07,0.26315789473684204,969.55,1036.0,0.018036039508290615
491,SANOFI,2022-03-09,2022-04-07,0.23157894736842102,4760.0,5243.1,0.023503317116320227
492,IPCALAB,2022-03-09,2022-04-07,0.19999999999999998,1020.2,1024.0,0.0007449519702019122
493,NESTLEIND,2022-03-09,2022-04-07,0.16842105263157892,869.0,907.5,0.007461692205196534
494,AJANTPHARM,2022-03-09,2022-04-07,0.13684210526315788,1163.33333333333,1171.63333333333,0.000976323329814505
495,CIPLA,2022-04-08,2022-05-09,0.26315789473684204,1038.45,934.75,-0.02627904442602969
496,NESTLEIND,2022-04-08,2022-05-09,0.23157894736842102,907.6,849.67,-0.014781146343160691
497,IPCALAB,2022-04-08,2022-05-09,0.19999999999999998,1014.4,991.85,-0.004445977917981064
498,ALKEM,2022-04-08,2022-05-09,0.16842105263157892,3500.0,3093.0,-0.019584962406015035
499,ABBOTINDIA,2022-04-08,2022-05-09,0.13684210526315788,18398.2,16948.0,-0.010786295455676732
500,CIPLA,2022-05-10,2022-06-08,0.26315789473684204,930.0,972.0,0.011884550084889641
501,OIL,2022-05-10,2022-06-08,0.23157894736842102,155.8,186.67,0.045884737517735245
502,EMAMILTD,2022-05-10,2022-06-08,0.19999999999999998,471.0,417.8,-0.022590233545647553
503,ALKEM,2022-05-10,2022-06-08,0.16842105263157892,3090.0,3133.0,0.0023437233861352403
504,ESCORTS,2022-05-10,2022-06-08,0.13684210526315788,1552.0,1609.8,0.005096310363537706
505,CIPLA,2022-06-08,2022-07-07,0.26315789473684204,972.0,950.35,-0.0058614901451158686
506,ALKEM,2022-06-08,2022-07-07,0.23157894736842102,3133.0,3094.3,-0.002860550674483834
507,ESCORTS,2022-06-08,2022-07-07,0.19999999999999998,1609.8,1567.2,-0.005292582929556456
508,EMAMILTD,2022-06-08,2022-07-07,0.16842105263157892,417.8,465.75,0.019329318989191494
509,COLPAL,2022-06-08,2022-07-07,0.13684210526315788,1510.0,1580.0,0.006343673753921226
510,CIPLA,2022-07-11,2022-08-08,0.26315789473684204,938.0,1034.2,0.026989114577488503
511,ALKEM,2022-07-11,2022-08-08,0.23157894736842102,3135.0,3035.0,-0.007386888273314865
512,AJANTPHARM,2022-07-11,2022-08-08,0.19999999999999998,1205.0,1294.0,0.014771784232365142
513,NESTLEIND,2022-07-11,2022-08-08,0.16842105263157892,920.0,996.08,0.013927688787185359
514,COLPAL,2022-07-11,2022-08-08,0.13684210526315788,1571.75,1614.1,0.003687140549002528
515,CIPLA,2022-08-10,2022-09-07,0.26315789473684204,1035.55,1033.85,-0.00043201044957041516
516,EMAMILTD,2022-08-10,2022-09-07,0.23157894736842102,460.0,493.0,0.01661327231121281
517,ALKEM,2022-08-10,2022-09-07,0.19999999999999998,3000.0,3048.2,0.003213333333333321
518,AJANTPHARM,2022-08-10,2022-09-07,0.16842105263157892,1276.0,1347.5,0.009437386569872957
519,ESCORTS,2022-08-10,2022-09-07,0.13684210526315788,1649.5,2019.0,0.03065362709593018
520,CIPLA,2022-09-07,2022-10-06,0.26315789473684204,1033.85,1150.4,0.029666830421801026
521,EMAMILTD,2022-09-07,2022-10-06,0.23157894736842102,493.0,505.4,0.005824703747197597
522,AJANTPHARM,2022-09-07,2022-10-06,0.19999999999999998,1347.5,1289.9,-0.008549165120593677
523,ALKEM,2022-09-07,2022-10-06,0.16842105263157892,3048.2,3295.1,0.013641873202131373
524,COLPAL,2022-09-07,2022-10-06,0.13684210526315788,1632.8,1608.65,-0.002023969158565191
525,CIPLA,2022-10-07,2022-11-07,0.26315789473684204,1135.0,1146.1,0.0025736146533735
526,EMAMILTD,2022-10-07,2022-11-07,0.23157894736842102,499.0,485.4,-0.006311570509439942
527,ALKEM,2022-10-07,2022-11-07,0.19999999999999998,3275.0,3240.0,-0.0021374045801526714
528,AJANTPHARM,2022-10-07,2022-11-07,0.16842105263157892,1273.7,1260.0,-0.0018115477907298726
529,COLPAL,2022-10-07,2022-11-07,0.13684210526315788,1571.5,1590.9,0.0016893012040122655
530,CIPLA,2022-11-10,2022-12-09,0.26315789473684204,1130.0,1115.0,-0.0034932463903120624
531,EMAMILTD,2022-11-10,2022-12-09,0.23157894736842102,464.8,456.35,-0.004210073376211607
532,ALKEM,2022-11-10,2022-12-09,0.19999999999999998,3170.0,3115.0,-0.0034700315457413243
533,AJANTPHARM,2022-11-10,2022-12-09,0.16842105263157892,1251.0,1239.0,-0.001615549665530733
534,COLPAL,2022-11-10,2022-12-09,0.13684210526315788,1584.4,1640.2,0.004819357153297275
535,CIPLA,2022-12-09,2023-01-09,0.26315789473684204,1115.0,1081.75,-0.007847533632286994
536,EMAMILTD,2022-12-09,2023-01-09,0.23157894736842102,456.35,420.9,-0.01798942409161945
537,AJANTPHARM,2022-12-09,2023-01-09,0.19999999999999998,1239.0,1193.1,-0.0074092009685230165
538,ALKEM,2022-12-09,2023-01-09,0.16842105263157892,3115.0,3047.3,-0.0036603869223620746
539,COLPAL,2022-12-09,2023-01-09,0.13684210526315788,1640.2,1524.0,-0.009694581533702567
540,AJANTPHARM,2023-01-10,2023-02-08,0.26315789473684204,1182.25,1190.0,0.0017250781849951582
541,CIPLA,2023-01-10,2023-02-08,0.23157894736842102,1086.5,1035.0,-0.01097682079104803
542,PGHH,2023-01-10,2023-02-08,0.19999999999999998,14054.7,13626.0,-0.006100450383145861
543,ALKEM,2023-01-10,2023-02-08,0.16842105263157892,3064.65,3051.5,-0.0007226720317508616
544,EMAMILTD,2023-01-10,2023-02-08,0.13684210526315788,418.0,414.5,-0.0011458071014857716
545,AJANTPHARM,2023-02-08,2023-03-09,0.26315789473684204,1190.0,1232.05,0.009298982750995123
546,ALKEM,2023-02-08,2023-03-09,0.23157894736842102,3051.5,3145.0,0.007095733763377803
547,PGHH,2023-02-08,2023-03-09,0.19999999999999998,13626.0,13919.6,0.0043094084837810125
548,EMAMILTD,2023-02-08,2023-03-09,0.16842105263157892,414.5,386.75,-0.01127547457304298
549,COLPAL,2023-02-08,2023-03-09,0.13684210526315788,1470.0,1502.05,0.0029835302542069414
550,AJANTPHARM,2023-03-10,2023-04-10,0.26315789473684204,1239.95,1275.0,0.007438754958285657
551,PGHH,2023-03-10,2023-04-10,0.23157894736842102,13880.0,14199.0,0.005322311542545123
552,EMAMILTD,2023-03-10,2023-04-10,0.19999999999999998,382.65,355.5,-0.01419051352410818
553,ALKEM,2023-03-10,2023-04-10,0.16842105263157892,3135.0,3403.25,0.014411147485939727
554,COLPAL,2023-03-10,2023-04-10,0.13684210526315788,1480.9,1538.6,0.0053317506068500135
555,AJANTPHARM,2023-04-11,2023-05-10,0.26315789473684204,1297.6,1284.9,-0.0025756051658121504
556,PGHH,2023-04-11,2023-05-10,0.23157894736842102,14145.15,13887.95,-0.0042107793316548525
557,EMAMILTD,2023-04-11,2023-05-10,0.19999999999999998,358.55,383.0,0.013638265234974193
558,COLPAL,2023-04-11,2023-05-10,0.16842105263157892,1538.0,1584.0,0.005037300663883374
559,LALPATHLAB,2023-04-11,2023-05-10,0.13684210526315788,1868.0,1926.0,0.004248844810098049
560,AJANTPHARM,2023-05-10,2023-06-08,0.26315789473684204,1284.9,1456.6,0.035165546366499906
561,PGHH,2023-05-10,2023-06-08,0.23157894736842102,13887.95,13830.0,-0.0009663053222397954
562,LALPATHLAB,2023-05-10,2023-06-08,0.19999999999999998,1926.0,2034.9,0.011308411214953278
563,COLPAL,2023-05-10,2023-06-08,0.16842105263157892,1584.0,1636.7,0.005603402445507713
564,IPCALAB,2023-05-10,2023-06-08,0.13684210526315788,704.35,745.85,0.008062678169121958
565,GLAND,2023-06-09,2023-07-10,0.26315789473684204,955.0,1059.0,0.02865803251584458
566,PGHH,2023-06-09,2023-07-10,0.23157894736842102,13710.0,14921.0,0.0204552957887059
567,IPCALAB,2023-06-09,2023-07-10,0.19999999999999998,735.0,763.05,0.0076326530612244765
568,COLPAL,2023-06-09,2023-07-10,0.16842105263157892,1630.0,1770.05,0.01447077817242492
569,MAXHEALTH,2023-06-09,2023-07-10,0.13684210526315788,559.4,610.0,0.012377923715258834
570,GLAND,2023-07-12,2023-08-10,0.26315789473684204,1110.0,1685.0,0.13632053105737313
571,PGHH,2023-07-12,2023-08-10,0.23157894736842102,14712.45,15490.0,0.012238900422860612
572,DRREDDY,2023-07-12,2023-08-10,0.19999999999999998,1030.0,1176.02,0.028353398058252422
573,IPCALAB,2023-07-12,2023-08-10,0.16842105263157892,765.3,918.95,0.033814052968564115
574,SYNGENE,2023-07-12,2023-08-10,0.13684210526315788,766.95,802.8,0.006396491914315401
575,GLAND,2023-08-11,2023-09-11,0.26315789473684204,1665.0,1701.95,0.005840050576892688
576,PGHH,2023-08-11,2023-09-11,0.23157894736842102,15647.0,17130.05,0.02194945726942779
577,LALPATHLAB,2023-08-11,2023-09-11,0.19999999999999998,2350.0,2217.95,-0.01123829787234044
578,COLPAL,2023-08-11,2023-09-11,0.16842105263157892,1965.0,2012.45,0.0040669612963707006
579,DIVISLAB,2023-08-11,2023-09-11,0.13684210526315788,3732.95,3700.0,-0.0012078777825636634
580,GLAND,2023-09-12,2023-10-11,0.26315789473684204,1695.0,1635.7,-0.00920664493091134
581,PGHH,2023-09-12,2023-10-11,0.23157894736842102,17390.0,17769.9,0.005059047849641373
582,LALPATHLAB,2023-09-12,2023-10-11,0.19999999999999998,2221.05,2504.8,0.025550978140969356
583,DIVISLAB,2023-09-12,2023-10-11,0.16842105263157892,3749.0,3729.0,-0.0008984852100911118
584,COLPAL,2023-09-12,2023-10-11,0.13684210526315788,2020.8,2035.0,0.0009615785306496675
585,GLAND,2023-10-11,2023-11-09,0.26315789473684204,1635.7,1633.4,-0.0003700331099191323
586,MAXHEALTH,2023-10-11,2023-11-09,0.23157894736842102,563.7,591.5,0.01142078186418679
587,PAGEIND,2023-10-11,2023-11-09,0.19999999999999998,39497.95,37900.0,-0.008091306004488825
588,PGHH,2023-10-11,2023-11-09,0.16842105263157892,17769.9,17656.2,-0.0010776354219331928
589,COLPAL,2023-10-11,2023-11-09,0.13684210526315788,2035.0,2137.65,0.006902625113151434
590,GLAND,2023-11-10,2023-12-11,0.26315789473684204,1615.0,1779.95,0.02687795339742545
591,PAGEIND,2023-11-10,2023-12-11,0.23157894736842102,37691.55,37489.95,-0.0012386414405742142
592,IPCALAB,2023-11-10,2023-12-11,0.19999999999999998,1045.2,1119.9,0.014293915040183704
593,PGHH,2023-11-10,2023-12-11,0.16842105263157892,17320.15,17200.0,-0.0011683380036364842
594,MARICO,2023-11-10,2023-12-11,0.13684210526315788,520.45,530.5,0.0026424501064362194
595,GLAND,2023-12-12,2024-01-10,0.26315789473684204,1828.0,1943.0,0.016555338016814462
596,PAGEIND,2023-12-12,2024-01-10,0.23157894736842102,37349.95,35600.0,-0.010850123733696235
597,DIVISLAB,2023-12-12,2024-01-10,0.19999999999999998,3670.5,3984.65,0.017117558915679065
598,PGHH,2023-12-12,2024-01-10,0.16842105263157892,17226.35,17258.95,0.00031872836182881696
599,IPCALAB,2023-12-12,2024-01-10,0.13684210526315788,1114.9,1103.05,-0.001454461339464023
600,GLAND,2024-01-10,2024-02-08,0.26315789473684204,1943.0,2049.0,0.014356529512148872
601,TIINDIA,2024-01-10,2024-02-08,0.23157894736842102,3806.95,3601.0,-0.01252805637335039
602,PAGEIND,2024-01-10,2024-02-08,0.19999999999999998,35600.0,36398.95,0.004488483146067398
603,VBL,2024-01-10,2024-02-08,0.16842105263157892,1297.0,1349.5,0.006817351783467921
604,DRREDDY,2024-01-10,2024-02-08,0.13684210526315788,1149.81,1243.6,0.011162210323994028
605,CIPLA,2024-02-09,2024-03-11,0.26315789473684204,1428.1,1493.0,0.011959209697094794
606,TORNTPHARM,2024-02-09,2024-03-11,0.23157894736842102,2638.8,2691.35,0.004611745370702767
607,GLAND,2024-02-09,2024-03-11,0.19999999999999998,2003.0,1773.85,-0.022880678981527715
608,SUNPHARMA,2024-02-09,2024-03-11,0.16842105263157892,1500.9,1615.15,0.012820377948669392
609,MAXHEALTH,2024-02-09,2024-03-11,0.13684210526315788,871.2,781.0,-0.01416799574694312
610,CIPLA,2024-03-12,2024-04-10,0.26315789473684204,1512.0,1453.15,-0.010242620439988841
611,MAXHEALTH,2024-03-12,2024-04-10,0.23157894736842102,771.0,833.95,0.018907775274762794
612,GLAND,2024-03-12,2024-04-10,0.19999999999999998,1752.8,1809.65,0.006486764034687373
613,TORNTPHARM,2024-03-12,2024-04-10,0.16842105263157892,2697.8,2579.95,-0.0073572618624922655
614,SUNPHARMA,2024-03-12,2024-04-10,0.13684210526315788,1592.2,1603.05,0.0009325064954812526
615,CIPLA,2024-04-12,2024-05-10,0.26315789473684204,1423.0,1371.35,-0.009551725413322498
616,GLAND,2024-04-12,2024-05-10,0.23157894736842102,1776.2,1695.15,-0.010567207343886113
617,MAXHEALTH,2024-04-12,2024-05-10,0.19999999999999998,861.0,792.0,-0.016027874564459928
618,DRREDDY,2024-04-12,2024-05-10,0.16842105263157892,1233.78,1175.0,-0.008023950358803194
619,VBL,2024-04-12,2024-05-10,0.13684210526315788,1425.0,1463.9,0.0037355493998153357
620,MARICO,2024-05-10,2024-06-10,0.26315789473684204,581.0,655.0,0.03351752876166319
621,CIPLA,2024-05-10,2024-06-10,0.23157894736842102,1371.35,1506.9,0.022890236858416534
622,PERSISTENT,2024-05-10,2024-06-10,0.19999999999999998,3330.0,3855.0,0.03153153153153153
623,CGPOWER,2024-05-10,2024-06-10,0.16842105263157892,582.3,667.0,0.024498133535797256
624,MANKIND,2024-05-10,2024-06-10,0.13684210526315788,2187.8,2146.8,-0.0025644603326581373
625,MARICO,2024-06-11,2024-07-10,0.26315789473684204,651.0,638.55,-0.00503274314819308
626,HINDUNILVR,2024-06-11,2024-07-10,0.23157894736842102,2566.0,2581.0,0.0013537350781474338
627,CIPLA,2024-06-11,2024-07-10,0.19999999999999998,1545.0,1512.1,-0.004258899676375416
628,DMART,2024-06-11,2024-07-10,0.16842105263157892,4800.0,4825.0,0.0008771929824561402
629,NESTLEIND,2024-06-11,2024-07-10,0.13684210526315788,1280.0,1318.95,0.0041640625000000046
630,MARICO,2024-07-10,2024-08-08,0.26315789473684204,638.55,654.0,0.006367221789498429
631,HINDUNILVR,2024-07-10,2024-08-08,0.23157894736842102,2581.0,2754.0,0.015522339362548175
632,CIPLA,2024-07-10,2024-08-08,0.19999999999999998,1512.1,1545.0,0.004351564049996705
633,DMART,2024-07-10,2024-08-08,0.16842105263157892,4825.0,5049.95,0.007852086173984175
634,BRITANNIA,2024-07-10,2024-08-08,0.13684210526315788,5670.05,5844.75,0.004216244264067099
635,HINDUNILVR,2024-08-09,2024-09-09,0.26315789473684204,2756.0,2853.1,0.009271637002520804
636,MARICO,2024-08-09,2024-09-09,0.23157894736842102,657.0,665.0,0.0028198349755667704
637,DABUR,2024-08-09,2024-09-09,0.19999999999999998,641.6,645.0,0.0010598503740648307
638,BRITANNIA,2024-08-09,2024-09-09,0.16842105263157892,5770.4,5859.95,0.002613701868701983
639,NESTLEIND,2024-08-09,2024-09-09,0.13684210526315788,1253.3,1247.58,-0.0006245406862724543
640,HINDUNILVR,2024-09-10,2024-10-09,0.26315789473684204,2934.0,2823.4,-0.009919994259677814
641,MARICO,2024-09-10,2024-10-09,0.23157894736842102,680.2,700.0,0.006741051393552963
642,BRITANNIA,2024-09-10,2024-10-09,0.19999999999999998,5980.05,6158.65,0.00597319420406182
643,DABUR,2024-09-10,2024-10-09,0.16842105263157892,669.35,567.75,-0.02556447142357275
644,NESTLEIND,2024-09-10,2024-10-09,0.13684210526315788,1264.5,1289.5,0.002705458783375996
645,HINDUNILVR,2024-10-09,2024-11-07,0.26315789473684204,2823.4,2500.7,-0.030077584696316145
646,MARICO,2024-10-09,2024-11-07,0.23157894736842102,700.0,648.4,-0.017070676691729327
647,BRITANNIA,2024-10-09,2024-11-07,0.19999999999999998,6158.65,5710.0,-0.014569751487744868
648,DMART,2024-10-09,2024-11-07,0.16842105263157892,4510.0,3940.0,-0.0212860310421286
649,DABUR,2024-10-09,2024-11-07,0.13684210526315788,567.75,541.35,-0.006363067510255156
650,HINDUNILVR,2024-11-11,2024-12-09,0.26315789473684204,2509.0,2465.0,-0.004614965073105241
651,DMART,2024-11-11,2024-12-09,0.23157894736842102,3899.65,3800.0,-0.005917670074304918
652,MARICO,2024-11-11,2024-12-09,0.19999999999999998,625.0,621.1,-0.0012479999999999926
653,BRITANNIA,2024-11-11,2024-12-09,0.16842105263157892,5801.65,4844.95,-0.027772861350242005
654,CIPLA,2024-11-11,2024-12-09,0.13684210526315788,1590.1,1480.0,-0.009475074391216698
655,HINDUNILVR,2024-12-11,2025-01-09,0.26315789473684204,2405.0,2405.05,5.471058102656953e-06
656,DMART,2024-12-11,2025-01-09,0.23157894736842102,3700.0,3853.5,0.009607396870554763
657,DABUR,2024-12-11,2025-01-09,0.19999999999999998,507.0,514.0,0.0027613412228796844
658,MARICO,2024-12-11,2025-01-09,0.16842105263157892,614.4,639.0,0.006743421052631584
659,CIPLA,2024-12-11,2025-01-09,0.13684210526315788,1456.1,1490.1,0.003195269266497746
660,HINDUNILVR,2025-01-10,2025-02-10,0.26315789473684204,2435.4,2370.9,-0.006969567303328534
661,MARICO,2025-01-10,2025-02-10,0.23157894736842102,669.0,648.45,-0.007113523719612917
662,DMART,2025-01-10,2025-02-10,0.19999999999999998,3837.8,3756.6,-0.004231591015686083
663,DABUR,2025-01-10,2025-02-10,0.16842105263157892,519.0,527.1,0.002628536659568002
664,BRITANNIA,2025-01-10,2025-02-10,0.13684210526315788,4928.5,4915.0,-0.0003748338076600652
665,HINDUNILVR,2025-02-11,2025-03-12,0.26315789473684204,2371.0,2217.35,-0.017053652689293885
666,BRITANNIA,2025-02-11,2025-03-12,0.23157894736842102,4910.95,4769.9,-0.00665130179014566
667,DABUR,2025-02-11,2025-03-12,0.19999999999999998,529.9,496.2,-0.0127193810152859
668,MARICO,2025-02-11,2025-03-12,0.16842105263157892,640.2,603.1,-0.009760107861030274
669,NESTLEIND,2025-02-11,2025-03-12,0.13684210526315788,1110.53,1124.5,0.0017214160900888037
670,HINDUNILVR,2025-03-12,2025-04-11,0.26315789473684204,2217.35,2394.6,0.021036253564888384
671,BRITANNIA,2025-03-12,2025-04-11,0.23157894736842102,4769.9,5400.75,0.030627807490171386
672,DABUR,2025-03-12,2025-04-11,0.19999999999999998,496.2,463.0,-0.013381700927045541
673,NESTLEIND,2025-03-12,2025-04-11,0.16842105263157892,1124.5,1172.85,0.0072415810535676525
674,MARICO,2025-03-12,2025-04-11,0.13684210526315788,603.1,693.45,0.020500222534449206
675,HINDUNILVR,2025-04-15,2025-05-12,0.26315789473684204,2400.0,2360.0,-0.004385964912280701
676,BRITANNIA,2025-04-15,2025-05-12,0.23157894736842102,5428.9,5540.0,0.00473915913953686
677,DABUR,2025-04-15,2025-05-12,0.19999999999999998,467.65,468.05,0.00017106810648991088
678,NESTLEIND,2025-04-15,2025-05-12,0.16842105263157892,1190.7,1179.9,-0.0015276285952977614
679,MARICO,2025-04-15,2025-05-12,0.13684210526315788,716.0,734.95,0.003621728903263754
680,HINDUNILVR,2025-05-13,2025-06-11,0.26315789473684204,2375.6,2395.2,0.0021711966395193127
681,BRITANNIA,2025-05-13,2025-06-11,0.23157894736842102,5629.5,5660.0,0.001254668779596206
682,NESTLEIND,2025-05-13,2025-06-11,0.19999999999999998,1190.0,1221.25,0.005252100840336134
683,DABUR,2025-05-13,2025-06-11,0.16842105263157892,474.95,490.0,0.00533684986231238
684,GODREJCP,2025-05-13,2025-06-11,0.13684210526315788,1293.0,1218.1,-0.007926893800626866
685,HINDUNILVR,2025-06-11,2025-07-10,0.26315789473684204,2395.2,2423.4,0.0030983018668917076
686,BRITANNIA,2025-06-11,2025-07-10,0.23157894736842102,5660.0,5905.0,0.01002417705039985
687,GODREJCP,2025-06-11,2025-07-10,0.19999999999999998,1218.1,1290.0,0.01180527050324277
688,VBL,2025-06-11,2025-07-10,0.16842105263157892,478.05,467.2,-0.003822546639582962
689,NESTLEIND,2025-06-11,2025-07-10,0.13684210526315788,1221.25,1212.5,-0.0009804449711792273
690,HINDUNILVR,2025-07-11,2025-08-11,0.26315789473684204,2500.0,2490.1,-0.001042105263157904
691,BRITANNIA,2025-07-11,2025-08-11,0.23157894736842102,5878.0,5361.0,-0.020368546408552853
692,GODREJCP,2025-07-11,2025-08-11,0.19999999999999998,1284.1,1187.1,-0.01510785764348571
693,VBL,2025-07-11,2025-08-11,0.16842105263157892,459.9,495.95,0.013201954658335338
694,NESTLEIND,2025-07-11,2025-08-11,0.13684210526315788,1202.0,1097.0,-0.011953761275067868
695,HINDUNILVR,2025-08-12,2025-09-10,0.26315789473684204,2518.0,2642.0,0.012959324442958066
696,VBL,2025-08-12,2025-09-10,0.23157894736842102,512.75,475.95,-0.016620390566860842
697,BRITANNIA,2025-08-12,2025-09-10,0.19999999999999998,5390.5,6144.5,0.02797514145255542
698,GODREJCP,2025-08-12,2025-09-10,0.16842105263157892,1200.0,1249.0,0.00687719298245614
699,PIDILITIND,2025-08-12,2025-09-10,0.13684210526315788,3100.0,3114.9,0.0006577249575551821
700,HINDUNILVR,2025-09-10,2025-10-09,0.26315789473684204,2642.0,2501.0,-0.014044384238415869
701,VBL,2025-09-10,2025-10-09,0.23157894736842102,475.95,434.0,-0.020411255052222417
702,BRITANNIA,2025-09-10,2025-10-09,0.19999999999999998,6144.5,5836.0,-0.01004150052892831
703,GODREJCP,2025-09-10,2025-10-09,0.16842105263157892,1249.0,1130.0,-0.016046521427668447
704,ITC,2025-09-10,2025-10-09,0.13684210526315788,411.0,399.0,-0.003995389934690741
705,HINDUNILVR,2025-10-10,2025-11-10,0.26315789473684204,2510.0,2405.0,-0.011008597190186618
706,BRITANNIA,2025-10-10,2025-11-10,0.23157894736842102,5874.5,6190.0,0.012437340691928986
707,GODREJCP,2025-10-10,2025-11-10,0.19999999999999998,1130.0,1120.2,-0.0017345132743362749
708,ITC,2025-10-10,2025-11-10,0.16842105263157892,400.45,404.05,0.0015140861267915794
709,DABUR,2025-10-10,2025-11-10,0.13684210526315788,485.4,520.0,0.00975429922147768
