Date,Mean Return,Index Return,Strategy Wealth,Index Wealth
2013-10-08,0.03024292282656252,0.029933461892600766,1.0302429228265626,1.0299334618926008
2013-10-15,0.026763062353564286,0.027098373928884784,1.0578153784094881,1.0578429839648373
2013-10-22,-0.0046411597480468594,0.018681075044547177,1.052905888254349,1.0776046281336322
2013-10-29,-0.02323526959333806,0.0029180370155412806,1.028441336084346,1.0807491183266447
2013-11-05,-0.007689240318240219,0.005184137343471202,1.0205334034979814,1.0863518701898853
2013-11-12,0.023295002977140412,-0.03759705108625244,1.044306732170738,1.0455082434287104
2013-11-19,-0.0021839740684548433,0.0307907046302374,1.0420259933481644,1.0777001789406022
2013-11-26,-0.0203921050523723,-0.02325356460622083,1.020776889824506,1.0526398082034711
2013-12-03,0.014640651928464992,0.023559604561733588,1.0357217289650476,1.077439585830684
2013-12-10,0.01078042342494396,0.021122729508130638,1.046887247753706,1.1001980507635378
2013-12-17,0.0010931372543943885,-0.030602335441388975,1.048031639205376,1.0665294209621097
2013-12-24,0.030659995321024106,0.021070035266042703,1.080164284359698,1.0890012334740533
2013-12-31,0.009221872970397211,0.005679280199093926,1.090125422177223,1.0951859766161114
2014-01-07,0.0013045371499907656,-0.022485723350253808,1.0915475312886025,1.070559927728844
2014-01-14,0.039033229310681775,0.012917359730617934,1.1341541563808992,1.084388735428502
2014-01-21,0.0065903325403432605,0.011527031248748338,1.141628609423462,1.096888518267577
2014-01-28,-0.014593095901858429,-0.02970477367037286,1.1249687136418403,1.064305693090808
2014-02-04,0.0009949573596458067,-0.020461130381554844,1.1260880095428494,1.0425287955386457
2014-02-11,0.014282534226903463,0.010298455231715273,1.1421714000816507,1.0532652316672746
2014-02-18,-0.006992482479226701,0.010622329984990277,1.134184786578306,1.0644533625197616
2014-02-25,0.030764711710819008,0.011906121982667137,1.169077654564184,1.077126874098782
2014-03-04,0.005168230951561301,0.015790195240360905,1.1751197178832813,1.0941349177394415
2014-03-11,-0.03194330567689818,0.033971371636802423,1.1375825095279852,1.1313041816507703
2014-03-18,-0.01005276719730052,0.0007294338058016862,1.1261466573919794,1.1321293931655112
2014-03-25,0.001416148093524324,0.011217419993401574,1.1277414478338739,1.1448289640555236
2014-04-01,-0.003910027225276999,0.019924883341553196,1.12333194806977,1.1676395476103612
2014-04-09,0.014459182110872076,0.011181288637935983,1.1395744092778717,1.1806952624172615
2014-04-16,-0.0034830143057350323,-0.017789352873664642,1.1356052553079072,1.1596914577578568
2014-04-23,0.0026314569177706337,0.024792893203301723,1.1385935516128438,1.1884435642188285
2014-04-30,-0.0011567534166773824,-0.02110864226406276,1.1372764796318087,1.1633571341707056
2014-05-07,-0.01837607477342249,-0.006548294606056905,1.1163778020040398,1.155739128924098
2014-05-14,0.010434162296281028,0.06857520800294621,1.1280262691741156,1.2349941800872117
2014-05-21,-0.04242533607377374,0.020277826622120576,1.0801693756043587,1.2600371779503483
2014-05-28,0.014914432626287171,0.010581974106908962,1.0962794889817884,1.2733708587411614
2014-06-04,-0.02062409187651026,0.009904974998806269,1.0736697200786942,1.285983565261201
2014-06-11,0.05957659015088642,0.03034212570502217,1.1376353009492395,1.3250030402529491
2014-06-18,0.014852010134542213,-0.009001094816339714,1.1545314719683506,1.313076562255694
2014-06-25,0.0058777187243043635,0.0014619883040935915,1.1613174832189377,1.3149962648320912
2014-07-02,0.04817120546068311,0.02059649238696035,1.2172595463081606,1.3420805753895868
2014-07-09,-0.004991335879456653,-0.018142042549335564,1.2111837950600615,1.3177324924862321
2014-07-16,-0.00103371757611241,0.005194462755438317,1.2099317730832053,1.324577404840083
2014-07-23,0.031234798349997983,0.022473899585541208,1.2477237480327148,1.3543458244297355
2014-07-30,0.012193585605152386,-0.0005579963441619297,1.2629379743659335,1.3535901044109726
2014-08-06,-0.009522269008410824,-0.015318171317093137,1.2509119392330836,1.3328555792984833
2014-08-13,0.004491160609408832,0.008798169980644026,1.2565299856604066,1.3445822692448013
2014-08-20,0.031006857853753022,0.01753977944454135,1.2954910323147573,1.368165945692396
2014-08-27,0.027826707791641963,0.007713991847929602,1.3315402827176726,1.3787199666440821
2014-09-03,0.028328291352589036,0.02249859816911438,1.3692605437942076,1.409739233161342
2014-09-10,0.006217940122197048,-0.0025263106006457496,1.377774523867207,1.4061777939924602
2014-09-17,-0.0002969702502057213,-0.014652648225250536,1.3773653658221272,1.38557356543493
2014-09-24,0.009940591912627573,0.0033728292896996596,1.3910571928383522,1.3902468685394624
2014-09-30,0.02692798593429104,-0.00469859042287307,1.4285155613608977,1.3837146679175136
2014-10-07,-0.004938080676827518,-0.012127616747182032,1.421461436270794,1.3669335067375559
2014-10-14,-0.03069793904157017,0.0014772553614182116,1.3778254997502104,1.368952816589086
2014-10-21,-0.01973267022663696,0.008106561546286877,1.3506373235337883,1.3800503168507283
2014-10-28,0.007800683486741915,0.012594998580934106,1.3611732178000555,1.397432048633081
2014-11-05,0.03564182159345023,0.03870397129901825,1.4096879107866676,1.451518218535704
2014-11-12,0.01968520805615475,0.005396783517023854,1.4374379106047492,1.4593517481321574
2014-11-19,-0.0025214393376809426,-0.00011928476852790668,1.4338134981114765,1.4591776696966805
2014-11-26,0.006752917989340395,0.011148491464156704,1.4434959230762325,1.475445299491982
2014-12-03,0.011842280573525918,0.0073031885083915445,1.460590206804042,1.4862207546479922
2014-12-10,-0.025299096216486253,-0.021317341422991104,1.423638594629249,1.4545384793912255
2014-12-17,-0.035023555265348984,-0.03899756452220946,1.3737777096323678,1.3978150211911298
2014-12-24,0.004074808546617552,0.017970559665246976,1.3793755907847305,1.4229345394304236
2014-12-31,0.02270247836572029,0.013285866333908365,1.4106908352927237,1.4418394575231976
2015-01-07,-0.0316025330690309,-0.021804484045057814,1.3661094315202065,1.4104008920760982
2015-01-14,0.049384576317576805,0.021654879599116144,1.4335741669992776,1.440942953580492
2015-01-21,0.031453563110742634,0.05459948897922704,1.4786651825349197,1.5196177024942048
2015-01-28,0.01254976700373453,0.02116959734234484,1.4972220860522674,1.5517873973703065
2015-02-04,0.011912595905049806,-0.02138137599138447,1.515057887743524,1.51860804756844
2015-02-11,0.0036727717158083137,-0.011038894047250718,1.5206223495014406,1.5018442942320298
2015-02-18,0.03790054502220055,0.028015392818230376,1.5782547653204844,1.543919052086758
2015-02-25,-0.007253521317754913,-0.011483690566122872,1.566806860735384,1.526189163433452
2015-03-04,0.020104604952441738,0.017725056317545368,1.5983068937072444,1.5532409523065371
2015-03-11,0.010137280771721938,-0.024958952777481905,1.6145093794481336,1.5144736847258673
2015-03-18,-0.013455964517116609,-0.0016149518100679993,1.5927845985257274,1.512027882707419
2015-03-25,0.026333158761313764,-0.01785652609401448,1.634727648231281,1.4850283173649765
2015-04-01,-0.009219536749192112,0.006499976555540012,1.6196562166034922,1.4946809666121619
2015-04-08,0.039535701034037786,0.014925025476779692,1.6836904605610488,1.516989118118506
2015-04-15,-0.01077479709250309,0.0041081428440284005,1.6655490374819204,1.5232211261085735
2015-04-22,-0.0700948129699671,-0.03662773422321775,1.5488026892073163,1.4674289875382782
2015-04-29,-0.020151183236396645,-0.02253342349075302,1.517592482420076,1.4343627887194712
2015-05-06,-0.009555820066651085,-0.017324554749840713,1.5030906417235672,1.4095130920551664
2015-05-13,0.015279696646797819,0.017098925527973412,1.526057410761744,1.4336142514469212
2015-05-20,0.02360394109165347,0.022803854069905014,1.5620783799878455,1.4663061816294527
2015-05-27,-0.01028770267880024,-0.010524441278603821,1.5460081820535487,1.4508741283244397
2015-06-03,-0.03152781505862754,-0.023936361673025697,1.4972659220106395,1.41614548044683
2015-06-10,-0.0052647328249927905,-0.0013091418667257372,1.4893832169632868,1.4142915451090028
2015-06-17,-0.004309059853058678,-0.0040495048895617105,1.482965375537251,1.4085643645818182
2015-06-24,0.027796513616584237,0.03328163330882219,1.5241866427912951,1.4554436872557044
2015-07-01,0.001774660489607323,0.011027586908029555,1.5268915566050443,1.4714937190066597
2015-07-08,0.0017160448639916518,-0.010647044557881475,1.5295117710186286,1.455826659813753
2015-07-15,0.019397102998701267,0.019221456286880986,1.5591798683788027,1.483809768316639
2015-07-22,-0.002736245099570668,0.012869846781951797,1.554913570104602,1.5029061726884372
2015-07-29,-0.02608137422945995,-0.029935715526727368,1.514359287388238,1.4579156010394736
2015-08-05,0.03843814817838047,0.023032698312249057,1.5725684540721738,1.491495331242937
2015-08-12,0.017459705701880466,-0.025502016234922004,1.6000250364763349,1.4534591930912695
2015-08-19,0.02818521720743443,0.0174502512141517,1.6451220896667536,1.4788224211402303
2015-08-26,-0.051638225027767604,-0.08278841456595815,1.5601709050023904,1.3563930574694392
2015-09-02,0.02346762594212677,-0.009606191084274,1.5967844122067758,1.343363286574005
2015-09-09,-0.026392960285979865,0.013165737981080778,1.5546405446301308,1.361049655618442
2015-09-16,0.020252621727095108,0.010302355920497183,1.5861260915021298,1.375071673596093
2015-09-23,0.0015319192219246172,-0.006734901856528844,1.588555908550098,1.3658107008287306
2015-09-29,0.01055333344425553,-0.0003377538730172428,1.6053204687478695,1.3653493929747171
2015-10-06,0.042618183709467745,0.05529596023661284,1.673736311397535,1.4408476987177306
2015-10-13,-0.020179308548852026,-0.002600301733125614,1.6399614699404268,1.4371010599495848
2015-10-20,0.004830150500288908,0.015980668248951613,1.6478827306549142,1.4600668952288558
2015-10-27,-0.005736234627819518,-0.0034799343956715668,1.6384300886727459,1.4549859582201676
2015-11-03,-0.002382030099322195,-0.020916080603432547,1.6345272988858923,1.4245533546411722
2015-11-10,-0.029460489045444436,-0.03440768171498747,1.5863733253025847,1.3755377762286611
2015-11-17,-0.005914789483552928,0.0069635825190952245,1.576990261041096,1.3851164470415622
2015-11-24,0.015952343486971176,-0.0007591658107444059,1.602146951360832,1.3840649139910686
2015-12-01,0.011544987762320954,0.01574390929056633,1.6206437183077327,1.4058555064491993
2015-12-08,-0.025767608515678324,-0.031829438459314366,1.5788836054309858,1.3611079151239862
2015-12-15,-0.002890305207676411,-0.00010387317085840553,1.5743201499238937,1.360966532528962
2015-12-22,0.021877539395860606,0.011063641911984409,1.6087624010255508,1.3760237788990575
2015-12-29,0.015574120779167915,0.018346797498105527,1.633817460964107,1.4012694085230963
2016-01-05,-0.02312937636772496,-0.018199131032482257,1.5960282819933074,1.3757675229455755
2016-01-12,-0.027237744625769916,-0.035242432222386294,1.5525560712328674,1.3272821292644057
2016-01-19,-0.004424318279246291,-0.010012915595914919,1.545687069027357,1.313992165332115
2016-01-27,-0.012266001568042612,0.0003564175330526336,1.5267276690149643,1.3144604951781331
2016-02-03,0.008484868295080916,-0.010211421464824687,1.539681752209012,1.3010379850630072
2016-02-10,-0.020968774290105893,-0.019845689912793115,1.5073965130683464,1.2752179886466815
2016-02-17,0.0010630741132525673,-0.014863422814141387,1.5089989872797964,1.2562638845012268
2016-02-24,0.0027916690024801082,-0.01262581856804226,1.5132116129773592,1.2404025246219303
2016-03-02,0.030166021058988746,0.04988815592631122,1.5588591863611405,1.302283919181659
2016-03-09,0.0050000509938425775,0.022113355543945095,1.5666535617851662,1.3310817865056852
2016-03-16,-0.010089475757182146,-0.004388061286810614,1.5508468486536318,1.325240918048741
2016-03-23,0.035324792644982464,0.02903817302883814,1.6056301920064457,1.3637234931319364
2016-03-30,0.0054383991660944845,0.002423378474697054,1.6143622499037096,1.367028311290631
2016-04-06,-0.003666086389609369,-0.015623384010755954,1.6084438584314384,1.3456707030297623
2016-04-13,0.028369482877554742,0.031007242903202434,1.6540745789327171,1.3873962413863294
2016-04-20,0.011683946536216565,0.00819061327694593,1.673400697879882,1.3987598674614132
2016-04-27,-0.0011853503315611736,0.008231466565589518,1.6714171318078155,1.4102737125437104
2016-05-04,-0.03814764435012149,-0.034254815223248344,1.6076565055029108,1.3619650471063212
2016-05-11,-0.00582506962271625,0.018464812399841716,1.5982917944289436,1.387113476196281
2016-05-18,0.0009451238502641915,0.002713773355332217,1.59980237812354,1.3908777877888046
2016-05-25,0.01749673444477624,0.008227289187626666,1.627793695497689,1.4023209415735896
2016-06-01,0.027651609048601575,0.03088255680600892,1.6728048103773696,1.4456281977119918
2016-06-08,-0.007420350428044133,0.011381487661904957,1.6603920124866516,1.4620815972079526
2016-06-15,-0.012270732486943431,-0.008032104242087128,1.6400177862779701,1.4503380054087411
2016-06-22,0.01211155123856361,-0.0003533741135183433,1.6598809457286314,1.4498254935017778
2016-06-29,-0.010826668457721692,3.6568865268022033e-05,1.641909965049938,1.4498785119749116
2016-07-07,0.0012317093147889823,0.01632130667966841,1.6439323208479348,1.4735424238171153
2016-07-14,0.023098886048627768,0.02723707408340234,1.6819053261988577,1.5136774079796582
2016-07-21,-0.022549161123153454,-0.006409807355516595,1.6439797720045097,1.503975027396111
2016-07-28,0.013294151073531286,0.01835466093230384,1.6658350874553673,1.531579979074619
2016-08-04,0.015873618267358676,-0.013292870082964923,1.6922779177300058,1.51122088539111
2016-08-11,-0.012638680788407403,0.004800551975769114,1.6708897573225456,1.5184755797982976
2016-08-18,-0.0182576836877429,0.00943884825101987,1.640383180656261,1.5328082403688932
2016-08-25,-0.008170171052989497,-0.009344824604386967,1.6269809694778525,1.5184844162104867
2016-09-01,-0.017503325283052817,0.021234375363701832,1.5985033923397451,1.5507284842882318
2016-09-08,0.0008399204142722863,0.020268614702580772,1.5998460079712549,1.5821596024445872
2016-09-15,-0.012514637142287465,-0.0234515498464117,1.5798245156979573,1.545055507662879
2016-09-22,0.006135921658237961,0.01428644960566442,1.5895181951600437,1.567128865311059
2016-09-27,-0.012953433196832257,-0.01816192930323837,1.5689284774038885,1.5386667816502155
2016-10-05,-0.005398121726809742,0.003759527964000367,1.560459210502204,1.544451442443108
2016-10-13,-0.01759106511635546,-0.01951063306629159,1.533009070918843,1.5143182170608955
2016-10-20,0.005422170872439728,0.01470253751450708,1.5413213080503652,1.5365825374561348
2016-10-27,-0.016717512093723366,-0.00967308090213114,1.5155542504427195,1.5217190502585196
2016-11-03,-0.01673077057537815,-0.015124343460723633,1.490197859984023,1.4987040486916836
2016-11-10,0.00936995468524107,0.004808513898137204,1.5041609464041166,1.5059105879390122
2016-11-17,-0.04014023174599969,-0.05228865495704192,1.4437835774321732,1.4271685488101131
2016-11-24,0.005984340325664498,-0.014164691613190653,1.4524236697161328,1.406953146436173
2016-12-01,0.02496455031688817,0.028548113740505886,1.4886827735002006,1.4471190048881957
2016-12-08,0.007341017853176562,0.0065849699129735175,1.499611220318182,1.4566482399958764
2016-12-15,-0.01992373057268356,-0.01130734765395272,1.4697333704007893,1.4401774119367248
2016-12-22,-0.026214404327247975,-0.021401589481946624,1.431205185575854,1.4093553261852827
2016-12-29,-0.012492548400337308,0.015603263525961574,1.413325785524234,1.431345868741469
2017-01-05,0.028388605388427298,0.021003011007453342,1.4534481335347704,1.461408441778119
2017-01-12,0.00383454085675494,0.016123184026686825,1.4590214397859835,1.4849709990230613
2017-01-19,0.001964210867024325,0.0033185840707964168,1.4618872655532327,1.4898990001260137
2017-01-27,0.0018732551608871913,0.024439544285189223,1.4646257534180653,1.5263114527200525
2017-02-03,0.020298341619325044,0.011537682626934845,1.4943552273054064,1.5439215498513925
2017-02-10,-0.004937475064879366,0.006017652543487669,1.4869768856325138,1.5532123332928012
2017-02-17,0.0019377269742016329,0.0032012099777679616,1.4898582408538181,1.5581844921117305
2017-02-27,0.007660747883937001,0.00850176269879955,1.5012716692198051,1.5714318069046138
2017-03-06,0.006363248047075483,0.0075027819303786795,1.5108246332370978,1.5832219170702801
2017-03-14,0.0030849837930244563,0.01378375513892522,1.5154855027447365,1.6050446603057567
2017-03-21,-0.024148365787507217,0.0037966325519973587,1.4788890044787923,1.611138425110483
2017-03-28,-0.00041750581542679806,-0.0022693635915146332,1.4782715597190517,1.607482166227647
2017-04-05,0.005115240142586507,0.018058851969057706,1.4858332737429705,1.6365114487104522
2017-04-12,-0.0037343860899573455,-0.006659363313060113,1.480284598633509,1.6256133244075068
2017-04-19,-0.011041104219915188,-0.010860057913065288,1.463940622104861,1.6079590695601906
2017-04-26,0.0024226805398679615,0.027280716208051888,1.4674872825615566,1.6518253446110254
2017-05-03,-0.00426687958576829,-0.0042665354983238216,1.46122569103322,1.6447777731412114
2017-05-10,0.0213041584823385,0.010239530925316237,1.4923558747334564,1.6616195260145636
2017-05-17,0.0043358420121763054,0.012591285491054897,1.498826494032244,1.6825414518441242
2017-05-24,-0.03441713296124686,-0.017342466472456314,1.4472411833012968,1.6533620331269996
2017-05-31,0.014942274506475998,0.02785092756301721,1.468866258339262,1.6994096993470624
2017-06-07,0.023690181719771632,0.0044328959334805395,1.5036639669213603,1.7069430056926154
2017-06-14,-0.010347946526672813,-0.004734113556638624,1.4881041325975732,1.6988621436689564
2017-06-21,-0.01118103256373909,0.001606338017186333,1.471465591832765,1.7015910905162903
2017-06-28,-0.007770243274074464,-0.014776407573492812,1.4600319462147944,1.6764476870393974
2017-07-05,0.007631659086847898,0.015419465296984102,1.4711744122842128,1.7022976139719106
2017-07-12,0.034229040490593,0.018521208599651364,1.5215313008110134,1.7338262231789732
2017-07-19,0.03157369868501556,0.008506433308544127,1.56957167164264,1.74857490031505
2017-07-26,-0.00472872996096726,0.01222776677845562,1.5621495910530578,1.7699560663907636
2017-08-02,-0.01302590318296769,0.006072460369337355,1.5418011817226882,1.78070405445939
2017-08-09,-0.017281665044923934,-0.01720478103456834,1.5151562901342888,1.7500674311150481
2017-08-16,0.002796982541702991,-0.0010849763576082075,1.5193941558257458,1.7481686493280681
2017-08-23,7.182402944350109e-05,-0.004526487021712919,1.5195032848363301,1.7402555866251193
2017-08-30,0.011762627704190662,0.0032377569144886715,1.5373766362711547,1.7458901111836922
2017-09-06,0.0023923675030439583,0.0032171907247785492,1.5410546061757089,1.7515069726558747
2017-09-13,0.02942932170244389,0.016447832839192284,1.5864067979418868,1.7803154665587984
2017-09-20,0.016068094897952488,0.006136338833053919,1.611897332917974,1.7912400854913297
2017-09-27,-0.026583306370834368,-0.0399757423960793,1.5690477722786846,1.7196339332641974
2017-10-10,0.003765492545882785,0.012498357474250398,1.574956009969334,1.7411265328869845
2017-10-17,0.0385537037440352,0.021713196132555318,1.6356763973875794,1.7789319547871558
2017-10-24,0.002141854362775153,-0.0026137213040270846,1.6391797780154123,1.7742823224385142
2017-10-31,0.014902401007204528,0.01250036736973055,1.6636074923902984,1.7964615032866145
2017-11-07,-0.012615646643410215,0.0014368233142724803,1.6426200081129727,1.7990427010577297
2017-11-14,-0.013908116300823762,-0.01580170335695611,1.6197742580020773,1.7706147619691184
2017-11-21,0.00048766701243679444,0.013772995896569933,1.6205641684752992,1.7950014318201253
2017-11-28,-0.00231124497285163,0.004197774743630748,1.616818647687727,1.802536443495401
2017-12-05,-0.028488479366113043,-0.024300282056845302,1.5707579430043284,1.75873429950072
2017-12-12,0.02836391292127636,0.012047537864749304,1.6153107845201062,1.7799227175679884
2017-12-19,0.012483137983244814,0.021781907491589585,1.6354749319290942,1.8186928295442328
2017-12-26,0.014227764675388265,0.006527639727807866,1.658744084393078,1.830564601111045
2018-01-02,0.006871659998755185,-0.008479323932962947,1.6701424097659738,1.8150426508780095
2018-01-09,0.014168595592586744,0.018655072685832417,1.6938059821519762,1.8489024034580246
2018-01-16,0.012142508968937718,0.005965027733383541,1.714373036481897,1.8599311575709714
2018-01-23,0.02701249088844436,0.03581625071842773,1.7606825225092588,1.9265469182295487
2018-01-30,-0.02486006308573994,-0.0030720788184452025,1.716911843925719,1.9206284142493149
2018-02-06,-0.050153442958598714,-0.049902033096070886,1.630802803696448,1.8247851515561915
2018-02-14,0.011988383745021836,0.00025242302288473186,1.6503534935196185,1.8252457693402624
2018-02-21,-0.005464646875917688,-0.009851536534963566,1.6413348944570967,1.8072642939583192
2018-02-28,0.008467501833057016,0.009175326642590215,1.6552329006845727,1.823846534184877
2018-03-07,-0.02674412684184382,-0.03227435825347733,1.6109651420358715,1.7649830577412313
2018-03-14,0.013419349975549808,0.02528017963010369,1.632583247075262,1.8096021464850192
2018-03-21,-0.017639613873565472,-0.024555994198388192,1.6037851089804025,1.7651655666745423
2018-03-28,-0.011565670482843958,-0.004091479776470227,1.5852362588846431,1.7579434274563719
2018-04-04,0.005794745499289177,0.0014534740006129218,1.594422299561125,1.7604985525227281
2018-04-11,0.013031495102623207,0.02850894514434659,1.615200005949369,1.8106885091833
2018-04-18,0.022028111591857018,0.010468314270217967,1.6507798119235897,1.8296433655429034
2018-04-25,0.03392770847841034,0.00421329634625967,1.7067869881445785,1.8373521952499037
2018-05-02,-0.015024605831364207,0.013953862381806056,1.681143186409605,1.86299035492933
2018-05-09,-0.01870654047930876,0.0022065580959224353,1.6496948133415195,1.867101151379625
2018-05-16,-0.007922768963080582,-5.585708035044395e-05,1.6366246624758223,1.8669968605605898
2018-05-23,-0.025970487769470744,-0.028930928862034615,1.5941207216957798,1.8129829072020693
2018-05-30,0.008358609434757705,0.017640827009640137,1.607445354200289,1.8449654250394556
2018-06-06,-0.005446229909079396,0.006623109281303073,1.5986908372350326,1.8571848326697178
2018-06-13,0.047892068330487335,0.01610253962460175,1.6752554480512167,1.8870902250279913
2018-06-20,-0.001165691530555484,-0.007797028563007308,1.6733026169639065,1.872376528642476
2018-06-27,-0.007802074990398469,-0.009343625400921797,1.660247384464724,1.8548817437493623
2018-07-04,0.0002559710317223474,0.0092302790636655,1.6606723597006396,1.8720028198742675
2018-07-11,0.012230277513103094,0.016564684908866343,1.6809828435181182,1.903011956733994
2018-07-18,-0.023712120515544166,0.0029365289588339245,1.6411231757480544,1.9086002064539507
2018-07-25,-0.008357502054666914,0.013801802294077134,1.6274074854347786,1.9349423291618628
2018-08-01,0.04206763963593217,0.019241825368307645,1.6958686770728673,1.9721741515573417
2018-08-08,0.0007911610444832221,0.00914843736228863,1.6972103823067268,1.9902164632503885
2018-08-16,0.008903399731187308,-0.005672489082969496,1.7123213247683249,1.9789269820898545
2018-08-23,0.034287450637760675,0.01736487762460426,1.7710324576673038,2.0132908069618725
2018-08-30,0.009938278050053893,0.008119833372903609,1.7886334706672717,2.029638392845601
2018-09-06,0.029328642633902977,-0.011981022197862397,1.8410916625315097,2.0053212502072846
2018-09-14,0.007891989591242704,-0.001880921218004742,1.8556215387687318,2.0015493989188538
2018-09-21,-0.008094672106256966,-0.0323138113102682,1.840600890859091,1.936871709314009
2018-09-28,-0.014293370740075115,-0.01908355843526484,1.8142924999415295,1.8999093048677038
2018-10-01,0.0062898014777606455,0.007122305120100137,1.8257040395887518,1.913441038637489
2018-10-10,-0.04126784773409899,-0.0475839274495343,1.7503611632754739,1.8223919990760011
2018-10-17,0.003074187587163592,-0.0006739897324118403,1.7557421018366686,1.8211637255801945
2018-10-24,-0.02858110248948516,-0.0218405154476444,1.7055610568789705,1.7813885710989705
2018-10-31,0.03724076280865585,0.015829237878676777,1.7690774516538808,1.8095865945452523
2018-11-07,-0.009402615217133849,0.020391658483045392,1.7524434970866716,1.8464870663767163
2018-11-14,-0.015210622939458188,-0.0020852204106280537,1.7257877398297807,1.8426367338579468
2018-11-21,-0.030591033026158225,0.0022455868309333134,1.672994110084509,1.846774534641692
2018-11-28,0.015804700847511392,0.012150886080726139,1.699435281514043,1.8692144816289094
2018-12-05,0.017380403813458806,0.005037818591927305,1.7289721529615962,1.8786312450967593
2018-12-12,-0.014296123231359915,-0.00420109618006281,1.7042545539992677,1.8707389345492367
2018-12-19,0.021366426826264905,0.021392117419162467,1.7406683842206219,1.9107580014977128
2018-12-26,-0.024263309743393958,-0.02165072533805029,1.698434008053744,1.8693887048198041
2019-01-02,0.009124431083612682,0.0058388514284915104,1.7139312521102945,1.8803037877293471
2019-01-09,0.0002890261990706832,0.005804957146166285,1.7144266231455605,1.8912188706388902
2019-01-16,3.4516878951211896e-05,0.0032380943607411817,1.7144857998017824,1.897342815798833
2019-01-23,0.0005362042066806082,-0.005399300294757654,1.7154051142999303,1.887098492174234
2019-01-30,0.006979360582484008,-0.01659049993075758,1.7273775451376665,1.8557905847704848
2019-02-06,0.02806743715879566,0.03855216958636113,1.7758606058353328,1.9273353381113287
2019-02-13,-0.017447467644181733,-0.024298414908090076,1.7448763353744439,1.8805041443988757
2019-02-20,-0.003101672580406339,-0.005392059220004254,1.739464300288813,1.8703643546888133
2019-02-27,0.015277340928170811,0.006632232463473716,1.7660386894367073,1.8827690458805046
2019-03-06,0.022927907633786746,0.02279614866771852,1.8065302613858059,1.9256889289573753
2019-03-13,-0.009394018243281808,0.026119605536958357,1.789559683153307,1.9759871641686297
2019-03-20,-0.0042769162250315615,0.01581332604459636,1.7819058863087662,2.0072340934555655
2019-03-27,-0.0012956132086356991,-0.006596620967706937,1.779597225505919,1.9939931309475802
2019-04-03,0.015720952249506866,0.017378692098330848,1.8075741885114522,2.0286461236165048
2019-04-10,0.005388000374127695,-0.005122832028650196,1.8173133989154158,2.018253710279645
2019-04-18,0.009932631747110647,0.014545548716797736,1.8353641036759327,2.0476103179453755
2019-04-25,0.0064342044822347025,-0.009444557892587298,1.8471732116183373,2.0282715437560817
2019-05-02,0.012443592243519333,0.0071251868267794265,1.8701586818668678,2.042723357440784
2019-05-09,-0.020473031577546184,-0.0360732638222564,1.8318708641179853,1.9690356588519373
2019-05-16,-0.026884341725793053,-0.0039551221929249245,1.7826222218095136,1.9612478822189514
2019-05-23,0.0045924597853594625,0.03552868856099696,1.7908088426756619,2.030928447417223
2019-05-30,0.02993278304945591,0.024778996401319406,1.8444127352465198,2.0812528161071118
2019-06-06,0.0030802583213158687,-0.008551050988205128,1.850094002922204,2.0634559171572344
2019-06-13,0.0010064490980180468,0.005935620052770387,1.8519560283626935,2.075703807477121
2019-06-20,0.0012625935494563478,-0.006907810526227377,1.854294296097981,2.0613652388665002
2019-06-27,-0.0017484597924734063,0.0008282798402602551,1.8510521370778408,2.063072626137267
2019-07-04,0.003286338263085279,0.008883972115137017,1.8571353205428853,2.0814009058193728
2019-07-11,-0.04243720441789221,-0.03045598175235946,1.7783236893133192,2.0180097978123936
2019-07-18,-0.0030989347976849266,0.0012086783102677222,1.7728127801509586,2.0204489224849174
2019-07-25,-0.0016992185524617376,-0.029727772077020584,1.7698003837848848,1.960385477424024
2019-08-01,-0.012891466549692327,-0.024186488804361802,1.7469850613376894,1.9129706360220742
2019-08-08,0.016776910638226047,0.004776867030965458,1.7762940735980677,1.9221086423844929
2019-08-16,-0.014531282392984346,0.0013913500627692438,1.7504822428016296,1.9247829683647237
2019-08-23,-0.002304328351921821,-0.019773167508463127,1.7464485569400061,1.886723912313811
2019-08-30,0.012870641543937572,0.01790504508580844,1.768926470291308,1.9205057890282629
2019-09-06,0.017666448397633427,-0.006989771619077792,1.8001771184979172,1.9070818921698385
2019-09-13,-0.020056789126221126,0.011848860791872879,1.764071345642356,1.9296786400288606
2019-09-20,-0.008469002588499102,0.01790373694237047,1.7491314208498137,1.9642270987832484
2019-09-27,-0.006256550968550637,0.02112788490535904,1.7381878909645734,2.0057270628543282
2019-10-01,-0.0039366453357398,-0.013246586289566034,1.7313452617109684,1.9791580262429107
2019-10-09,-0.015158766758719846,-0.017550410754294282,1.705100202709877,1.9444229899346892
2019-10-16,0.023824686451348956,0.01332060495169409,1.7457236804075713,1.970323880442601
2019-10-23,0.012680539436218434,0.012220865317515733,1.7678603983817198,1.994402943217375
2019-10-30,0.017337870414751086,0.020682345033221017,1.7985113328802322,2.035651873024268
2019-11-06,0.009622501116446878,0.01029626565125243,1.8158175101888145,2.0566114854823954
2019-11-13,-0.020918545383961908,-0.010496362625929071,1.7778332491929372,2.0350245455501215
2019-11-20,0.0077799581955460126,0.013398983991317866,1.79166471755031,2.0622918068578864
2019-11-27,-0.00849247092888828,0.008467301714295269,1.7764490570221991,2.0797538538094713
2019-12-04,-0.00188363785692728,-0.0047517912186898275,1.7731028703274894,2.069871297709903
2019-12-11,-0.014007377650410146,-0.011047728178557283,1.748266348809786,2.0470039222482064
2019-12-18,0.026105960375167544,0.026154162625995476,1.793906520837053,2.1005415957267366
2019-12-26,0.0036153194154402673,-0.007781273395981751,1.8003920659113202,2.0841967072907552
2020-01-02,0.007231573545434098,0.012835472578763248,1.8134117335465738,2.110948356975934
2020-01-09,0.006394819144452107,-0.005398055722916179,1.8250081736170314,2.09955334011678
2020-01-16,0.016145296037707552,0.011427729434589376,1.8544734708513142,2.123546467621123
2020-01-23,-0.0062415847800496305,-0.014175873092954525,1.8428986174606428,2.093443342389134
2020-01-30,-0.0032679162217528744,-0.011867475072555476,1.8368761791735972,2.068599455707524
2020-02-06,-0.010924039268209418,0.0084871799132589,1.8168100716614664,2.086156031456583
2020-02-13,0.01768963405454409,0.0030235748211187973,1.8489487769757675,2.09246368030622
2020-02-20,-0.008391480223823035,-0.007704533600555193,1.8334333598789134,2.0763422235733593
2020-02-27,-0.0339342812528793,-0.03704623432953816,1.7712171165863708,1.9994215630105463
2020-03-05,0.0012765834222805098,-0.031315275975002735,1.7734782229946646,1.9368091249744996
2020-03-12,-0.13851085277895545,-0.1489795012867158,1.527832241942767,1.6482642674482384
2020-03-19,-0.13475773085810494,-0.13833985912629093,1.3219450358867086,1.4202436208865499
2020-03-26,0.0716963915033462,0.04574360587890045,1.416723724725547,1.4852106853324067
2020-04-03,0.0005164374982596417,-0.06453199405192421,1.4174553739816693,1.3893670782206815
2020-04-13,0.10809545068864569,0.11257700586357904,1.5706758514632608,1.5457778639321949
2020-04-20,0.019077305948090574,0.029798139840001778,1.6006401152269032,1.5918391688832256
2020-04-27,0.0028665184307524617,0.0022079822065784816,1.6052283796182027,1.5953539214438546
2020-05-04,0.009960347318922574,0.0012065975027741754,1.6212170118053912,1.5972788715015098
2020-05-11,0.00446970832049258,-0.005842793350190915,1.628463378972382,1.5879463011327004
2020-05-18,-0.020736858366407394,-0.045020131613126756,1.5946941645277504,1.5164567496611283
2020-05-26,0.03553372314823426,0.02332473861672278,1.6513595854761842,1.551827706970539
2020-06-02,0.050469909541865296,0.10522147955765015,1.7347035543762594,1.715113314316535
2020-06-09,0.02122405245390513,0.006769147518313202,1.7715209936063168,1.7267231693517666
2020-06-16,-0.026285891858634225,-0.013203406110494507,1.724954984343081,1.703924542106415
2020-06-23,0.044858255563769954,0.05618317530764575,1.8023334558667417,1.7996564333665799
2020-06-30,-0.020143657923812223,-0.0161302645401585,1.7660278672671197,1.7706274990149788
2020-07-07,0.03329029025827084,0.048295978489822394,1.824819447572637,1.8561416866208944
2020-07-14,-0.012252053271341903,-0.017806132606149206,1.8024616624903962,1.8230909816131213
2020-07-21,0.07314360722810141,0.052312783117366694,1.9343002103753042,1.9184619447374756
2020-07-28,0.0324608140670831,0.01238997513942075,1.9970891698542166,1.9422316405386977
2020-08-04,0.006626919495527345,-0.018167257345881333,2.01032371900823,1.906946618499718
2020-08-11,0.01152831775945245,0.02048173768053897,2.033499369640321,1.94600419891062
2020-08-18,0.017678586881686657,0.005550894237138474,2.0694487649203626,1.9568062624038003
2020-08-25,0.00042470497804875107,0.007632615598115089,2.070327670112641,1.9717418124047126
2020-09-01,-0.01577182290669788,-0.00017433371832029462,2.037674828740788,1.9713980713229884
2020-09-08,0.004895909135222833,-0.013330136657875778,2.0476510995494333,1.9451190656251802
2020-09-15,0.0427373950393733,0.018065183103818376,2.135162373493684,1.980257997704427
2020-09-22,0.02110686603673464,-0.03195247270391776,2.1802289596776916,1.9169838580860614
2020-09-29,-0.018993506775261043,0.0061639015030954,2.138818766160433,1.9287999577703279
2020-10-06,0.001051736891473293,0.03311305210566406,2.1410682407609793,1.9926684112733792
2020-10-13,0.0069333901289377435,0.02333138976539995,2.1559131021668536,2.0391601346499986
2020-10-20,-0.016053740840857374,-0.003158909045205139,2.121302631949258,2.032718613256031
2020-10-27,0.013365568184872913,-0.0006220160043036478,2.149655046917326,2.03145422974634
2020-11-03,-0.0040269059766662564,-0.006383837704173435,2.140998588161124,2.0184857556401825
2020-11-10,0.01699126508716463,0.06920895585558898,2.177376862723815,2.158183047197419
2020-11-17,0.030690683491482608,0.019246146416384984,2.244202046859349,2.1997197541171403
2020-11-24,0.016471268349212122,0.014055242267480613,2.2811669010030204,2.2306373481818196
2020-12-01,0.002803481025131649,0.004128638889633565,2.287562109125141,2.239846844286192
2020-12-08,0.03212739076817432,0.021656794351993584,2.361055510911473,2.28835474677286
2020-12-15,0.01736718423961163,0.013059109456841071,2.402060396969423,2.3182386218870485
2020-12-22,-0.00022291200765688166,-0.0074846051511478304,2.4015249488638215,2.300887521156083
2020-12-29,0.02055223256976385,0.034627180443031945,2.4508816481349607,2.3805607685302754
2021-01-05,0.01499370047781149,0.019156510629746038,2.4876294334736615,2.426164006197382
2021-01-12,0.02336622441162193,0.025631184196626692,2.5457559410691633,2.488349462731453
2021-01-19,-0.022351473451559176,-0.002904531549873216,2.488854544738207,2.4811219732098393
2021-01-27,-0.020300492078207943,-0.03812714557731307,2.438329572768937,2.3865238745421973
2021-02-03,0.01647778118432317,0.058883121532128206,2.478507833924288,2.5270498498861906
2021-02-10,0.016099690160132844,0.021403047339578516,2.518411042109931,2.5811364174527798
2021-02-17,-0.017358258384055008,0.006778539039486289,2.4746958125237297,2.598632751424723
2021-02-24,-0.019865006960717482,-0.014918896172635737,2.4255359629822872,2.5598640192154067
2021-03-03,0.026425481156692073,0.01759444666933656,2.4896319178669546,2.6049034101822457
2021-03-10,-0.009519758264894708,-0.0046439628482972855,2.465931223840295,2.5928063355219564
2021-03-17,-0.026437482508738907,-0.029885072620396975,2.400738210242264,2.5153201298942576
2021-03-24,0.005155529890171677,-0.01167695787736135,2.4131152878436457,2.485948842689403
2021-03-31,0.0200620830138645,0.009711740690337822,2.4615274070703905,2.5100917332190478
2021-04-07,0.015346913064244336,0.008736819892857286,2.4993042541919546,2.5320219526067325
2021-04-15,0.006879057075893897,-0.016033416447073096,2.5164971108065655,2.4914249901874577
2021-04-22,0.01390963510859262,-0.01202212400001379,2.5515006673697123,2.4614727700186907
2021-04-29,0.010233936471551734,0.03392648278686533,2.5776125631066957,2.5449818835810674
2021-05-06,0.01550215349744527,-0.011420016247171875,2.6175711087169193,2.515918149121813
2021-05-14,0.02327592923095324,-0.003191893947625774,2.678497508600402,2.5078876052089094
2021-05-21,0.006438960140024217,0.0338947253675619,2.6957442472934345,2.592891766840178
2021-05-28,0.0023422119472283677,0.01715616824708575,2.702058251676117,2.6373758542385715
2021-06-04,0.009965084319808174,0.01519858250219462,2.728984489991103,2.677460228748512
2021-06-11,0.027668399737149768,0.008238541184729048,2.8044911237366588,2.6995185951135308
2021-06-18,-0.020993983996970673,-0.007342074199255032,2.7456136819652848,2.6796985292859383
2021-06-25,7.067878133375834e-05,0.011285854106424966,2.7458077385943396,2.7099412159366607
2021-07-02,0.012257182841217667,-0.008710400464050265,2.779463606093121,2.686336542711817
2021-07-09,-0.008017496067752114,-0.002060780297922775,2.757179267560809,2.6808005932910066
2021-07-16,0.019980325960169673,0.014888653775064079,2.8122686080572956,2.720714105164503
2021-07-23,0.00335506572662732,-0.004229624326462965,2.8217039540782585,2.709206506599948
2021-07-30,-0.013624821965945966,-0.005865269092869914,2.7832587400633364,2.6933162814105858
2021-08-06,0.016326854259020165,0.030143278109249255,2.828700599877495,2.774501663117314
2021-08-13,0.0034852590689556755,0.01791454717887437,2.838559354296578,2.8242056040590944
2021-08-20,-0.0006961257498881229,-0.004755249832114184,2.836583360037466,2.8107758008345365
2021-08-27,0.012966525046820814,0.015482812072581426,2.8733639892227867,2.8542945143370173
2021-09-03,0.033314986020820204,0.03701841342815398,2.9690900703564718,2.959955968714457
2021-09-13,0.008547672111206349,0.0018298736983075534,2.9944688787465172,2.965372314289756
2021-09-20,0.002279759665957574,0.002396962311224939,3.0012955481172487,2.9724801999658585
2021-09-27,0.00236046364236426,0.026338025740217916,3.008379997138569,3.0507694599848474
2021-10-06,0.003907952586953121,-0.0006767489997423668,3.020136603530925,3.0487048548043583
2021-10-13,-0.004310670901186845,0.029227586988552646,3.0071177885564753,3.137811141150575
2021-10-20,-0.02272835188244477,0.005773122083499583,2.9387709573062044,3.1559261079434022
2021-10-27,-0.007803904970689363,-0.0030465439654888057,2.9158370680247647,3.1463114403037187
2021-11-03,-0.0068015839790906635,-0.020962662573890983,2.8960047573372485,3.080356375228259
2021-11-10,0.00438598691306602,0.010544500033652659,2.9087065963031065,3.112837193130515
2021-11-17,-0.005219589389463557,-0.006579823723997028,2.89352434221598,3.0923552731182147
2021-11-24,-0.018176075408429585,-0.027018797507074675,2.840931425575736,3.008803552173899
2021-12-01,0.0041411755080065175,-0.014249169540139007,2.8526962212152562,2.9659306002460006
2021-12-08,-0.0034076484263128454,0.01764150778533099,2.8429752354262834,3.0182540880209916
2021-12-15,-0.003944556578459286,-0.014216001946221243,2.831760958758986,2.975346582031495
2021-12-22,-0.007962593159162867,-0.015442995343003514,2.809212798320387,2.9293983186213612
2021-12-29,0.027715750224180557,0.015225193079511179,2.887072238565206,2.9739989736291665
2022-01-05,0.015606716386176417,0.04134231073104996,2.9321299561788967,3.0969509633107672
2022-01-12,-0.0004783169431110244,0.01601651301934414,2.930727468741453,3.1465533187349046
2022-01-19,-0.014116203624545976,-0.015041990737054643,2.889356723024648,3.099222892860846
2022-01-27,-0.04160452261012862,-0.0461718993890202,2.769146415912842,2.9561258852675265
2022-02-03,0.02882137756276111,0.02630310079105088,2.8489570302924325,3.0338811623787527
2022-02-10,-0.00681609129036612,0.002599628705823272,2.8295382790916292,3.041768126938529
2022-02-17,-0.011594129788490169,-0.017110789879500283,2.7967322450423397,2.9897210716563225
2022-02-24,-0.05996124524671851,-0.06106179859690475,2.62903669700795,2.807163325717922
2022-03-03,3.614522471812818e-05,0.015392711080474677,2.629131724130156,2.850373179746402
2022-03-10,0.014336064573254157,0.005870390743148565,2.666823126298877,2.8671059840753044
2022-03-17,0.03796982018404002,0.04170859721962758,2.768081920867085,2.986688952751085
2022-03-24,-0.016954834882540938,-0.0037195472911803504,2.721149548957437,2.9755798219472815
2022-03-31,0.009871971059642886,0.014051182302477828,2.748012658553705,3.017390236481037
2022-04-07,0.019469612446899324,0.010008731874203711,2.801515400014919,3.047590486317816
2022-04-18,0.008221253490605866,-0.026412238407442244,2.824547368276278,2.9670967998249367
2022-04-25,-0.03617836029181287,-0.012792854169032251,2.722359875925487,2.929139163159374
2022-05-02,0.020696812394225585,0.006791927544908285,2.7787040475470834,2.9490336641245056
2022-05-09,-0.04273638307448413,-0.044949645851275005,2.659952286920492,2.8164756453186213
2022-05-16,-0.003570856980806636,-0.028190052049307354,2.6504539777281293,2.737079050281483
2022-05-23,0.030340659398422766,0.02350668779154551,2.7308704991175734,2.8014187129772297
2022-05-30,0.016017409838185677,0.027549075838590953,2.7746119711169506,2.8785952095566874
2022-06-06,-0.01629705134271605,-0.0055127420264804985,2.729393977367543,2.862726256767739
2022-06-13,-0.026504423325584652,-0.047988629745527166,2.6570529639690923,2.7253479463689128
2022-06-20,-0.019113505107762885,-0.02689484227609291,2.6062673685706725,2.652050143203847
2022-06-27,0.031038561979681262,0.031393830027719574,2.6871621598256743,2.7353081546245783
2022-07-04,0.015495861677575305,0.0002084379470757793,2.7288020529595474,2.735878296640948
2022-07-11,0.015410579757713642,0.024037990950626264,2.770854474639693,2.801643314377618
2022-07-18,0.007397405875176987,0.00385421805624075,2.7913516098096527,2.8124414586270383
2022-07-25,0.00800116033702703,0.021654329330097984,2.8136856615967587,2.873342992193769
2022-08-01,0.020358267554311246,0.04263423726775295,2.870967427109275,2.995845779074594
2022-08-08,0.00521092203652507,0.010671826205806747,2.8859278145413443,3.0278169245682776
2022-08-16,0.007529287333349836,0.017126863755413748,2.9076567942803324,3.0796739325116946
2022-08-23,-0.018219544556484897,-0.013898823298410962,2.854680611761976,3.0368700887069924
2022-08-30,0.012767366987890492,0.010342767742853037,2.8911273667655566,3.0682797306997065
2022-09-06,-0.01729478800217417,-0.005839194112380597,2.8411259318700623,3.0503634497610683
2022-09-13,0.01601087298000817,0.023474138516957836,2.8866148382854413,3.1219681039078253
2022-09-20,-0.013203758179352688,-0.014045340217652927,2.848500674003789,3.0781189997397793
2022-09-27,-0.004573659351135793,-0.045399565003858756,2.835472602259415,2.9383737361214806
2022-10-10,0.007257513655382131,0.008121809602329624,2.8560510833897745,2.9622386481467453
2022-10-17,0.001364410006983756,0.004106490342787499,2.8599479080684085,2.9744030525483915
2022-10-24,0.029465784728251964,0.02420025647246391,2.9442185174615667,3.046384369272542
2022-10-31,0.01112554804844714,0.015873553008192025,2.976974562042713,3.094741313041517
2022-11-07,0.018563122862321757,0.010581716836366382,3.0322365065959183,3.127488989297927
2022-11-14,-0.012583093419787446,0.0069412398092602344,2.994081591362532,3.1491976403734654
2022-11-21,-0.02011455349260353,-0.009231197300474966,2.933856977031851,3.120126775616988
2022-11-28,0.016798116933814077,0.02218067781023622,2.9831402495991184,3.1893333023540396
2022-12-05,0.012243459224073498,0.007450404708354057,3.0196642056047773,3.2130951262064085
2022-12-12,-0.01009829991622609,-0.010903131107611489,2.9891707308102875,3.1780623287841525
2022-12-19,0.004745798071421614,-0.004146584744136298,3.003356731499717,3.164884224015702
2022-12-26,-0.020155083286350645,-0.022032577922906454,2.9428238264377184,3.0951536657330982
2023-01-02,0.002945944898158423,0.01015010047406005,2.9514932232753917,3.1265697864229445
2023-01-09,0.010234824114959781,-0.005289202608057722,2.9817012372921106,3.110032725354322
2023-01-16,-0.007125160666941847,-0.011399796698561542,2.9604561369155853,3.0745789845594094
2023-01-23,0.012237172672456402,0.012500803303743856,2.9966837498522545,3.113013691687211
2023-01-30,-0.003564406706883838,-0.025918188817537748,2.9860023501958715,3.0323300150344816
2023-02-06,0.01278605466905141,0.0065527977585067565,3.024181539487392,3.052200260360052
2023-02-13,0.0040209421046856885,0.0003546378753252486,3.03634159837173,3.053282686175453
2023-02-20,-0.0061932906581152886,0.00414722945939694,3.017536652315688,3.0659453500794265
2023-02-27,-0.009867893069502164,-0.025324187709446996,2.987759923297333,2.9883027745271087
2023-03-06,0.0029249970664810003,0.01832665428599355,2.996499112308327,3.0430683663777423
2023-03-13,-0.004757850982401316,-0.031457051794178424,2.9822422160630664,2.9473424071633714
2023-03-20,0.0010976370484728376,-0.00967104457774423,2.985515635606937,2.9188385273578183
2023-03-27,-0.003844924807609078,-0.00015893197711383812,2.9740365524760866,2.9183746305797893
2023-04-03,0.023184765987675104,0.024276303007824143,3.042988893984037,2.989221977402091
2023-04-10,0.012572660003894993,0.012989961518675944,3.081247358743726,3.0280518558593243
2023-04-17,0.01527542139079847,0.004698125572725865,3.128314710557821,3.042278023718877
2023-04-24,0.0011094703677185507,0.0020641729048364284,3.1317854830300833,3.048557811584417
2023-05-02,0.030170121339498174,0.022783119357056708,3.22627183106238,3.1180134680726326
2023-05-09,0.006037066285057639,0.006518750361617028,3.245749047960118,3.138339019495158
2023-05-16,-0.011054577079168565,0.0011250441395054334,3.209868664929805,3.1418697894168224
2023-05-23,-0.010884454879084167,0.0033631367402181937,3.1749309942785904,3.152436327138592
2023-05-30,0.014559150702514647,0.015579354698059655,3.221155293094377,3.2015492508421324
2023-06-06,0.010388920346871694,-0.0018702522559749352,3.254619618859239,3.19556154613313
2023-06-13,0.019601683153689337,0.006298725737942978,3.3184156414138988,3.2156895118909397
2023-06-20,0.016630584919296053,0.00537236557732222,3.3736028345359528,3.232965371531978
2023-06-27,-0.002789175408568417,3.720099698675791e-05,3.3641932644715884,3.2330856410670226
2023-07-04,0.020634588565608382,0.030376141230988262,3.4336120083391504,3.3312943071119543
2023-07-11,0.01645578577170306,0.0025994120377534403,3.4901147919715267,3.3399537136351607
2023-07-18,-0.006932999227110089,0.015939277961253873,3.4659178288162624,3.3931901642545137
2023-07-25,0.017535375980763913,-0.0034760813701786883,3.526694001062989,3.3813951591390747
2023-08-01,0.03510452794395004,0.0026904667540624135,3.650496929173066,3.390492690397086
2023-08-08,-0.01584172295351394,-0.008244841906296674,3.5926667681784528,3.3625386141803073
2023-08-16,0.0021254830659517233,-0.00540855404849552,3.6003029205558232,3.34435214234536
2023-08-23,0.0021821613124976018,-0.0010788594913948113,3.6081593623023327,3.340744056294024
2023-08-30,-0.0073557105828689975,-0.004965542069532981,3.5816187862963678,3.3241554511389535
2023-09-06,0.016082307461935945,0.013624534499378395,3.6392194808290315,3.369445521764293
2023-09-13,0.010459234152582953,0.023402622501089983,3.6772829295116636,3.4482993833481306
2023-09-20,0.017514058515148395,-0.008400597907324293,3.741687077915887,3.4193316067645485
2023-09-27,-0.012816422562422363,-0.009293316048117254,3.6937320352289618,3.387554677469569
2023-10-03,-0.008535654524689932,-0.009519969365681993,3.662203614669467,3.355305260715486
2023-10-11,0.006265291806104275,0.018772208594951188,3.6851483889687415,3.4182917509693738
2023-10-18,0.011528406327234161,-0.007079275263926992,3.7276322769729253,3.3940927227318505
2023-10-25,-0.0162590634877987,-0.027906421094905577,3.667024467122455,3.299375741976141
2023-11-01,-0.00553355493813878,-0.006955284839832341,3.646732785774134,3.2764276438970636
2023-11-09,0.040599143003784637,0.021388529765681865,3.7947870116403677,3.346505614083659
2023-11-16,0.011108027784572788,0.019071630755904855,3.836939611202205,3.4103289334780253
2023-11-23,0.014179029979775468,0.0018618582154493388,3.891343692980029,3.4166784824202057
2023-11-30,0.02124994463280391,0.016723058276941795,3.9740345310030647,3.4738157957952915
2023-12-07,0.030195353067068487,0.038146042720587685,4.094031906767424,3.6063281215451513
2023-12-14,-0.010830265817817018,0.013470550663480203,4.0496924529505085,3.6549073472155587
2023-12-21,0.0049596743292532166,0.003415523044748712,4.069777608650778,3.667390767486395
2023-12-28,0.04504015961924541,0.024636498149851516,4.2530810417592395,3.757742433344356
2024-01-04,0.014903330543412259,-0.005514562393531395,4.316466114352497,3.737020128236858
2024-01-11,-0.009079318235734693,-0.0005263498102369413,4.277275544846526,3.7350531484015086
2024-01-18,-0.01632593644706884,-0.008543830148933845,4.207445016134759,3.7031414887043255
2024-01-25,0.017451206392000856,-0.005108970401519014,4.280870007494323,3.6842222484458977
2024-02-01,0.020174886161979693,0.016150258048200323,4.367236072569754,3.7437233884652197
2024-02-08,0.032599231604793055,0.0009448114870641481,4.509604612772262,3.747260501327032
2024-02-15,0.020657918651736967,0.008877449298851838,4.60276365801441,3.7805266164371534
2024-02-22,0.01090251614181052,0.013997695195280888,4.652945363092851,3.8334452756916875
2024-02-29,-0.015598119775377374,-0.010561518086009036,4.580368164011042,3.792958274080744
2024-03-07,0.021633054829555937,0.02323407391233146,4.679455519642646,3.8810841469671256
2024-03-14,-0.017413905868187512,-0.015422198808102671,4.597967921709219,3.821229295661623
2024-03-21,-0.01134452602280727,-0.006082183987194484,4.545806154969355,3.7979878760281514
2024-03-28,0.020723989147256656,0.014308137170945815,4.640013392390473,3.8523300075319518
2024-04-04,0.002915613933270592,0.008409138751909132,4.6535418800878885,3.8847247850834314
2024-04-12,-0.01423458684002833,0.0002109737437623947,4.587300634082069,3.8855443600148267
2024-04-19,-0.020304811153307185,-0.01653685266925413,4.4941563610035855,3.82128968539341
2024-04-26,0.03391224009900724,0.01232446832528111,4.64656327056042,3.8683850490827645
2024-05-03,0.01328987106330715,0.0024933151055197634,4.7083154973136665,3.878030151959609
2024-05-10,-0.017920667632965383,-0.018715643679771746,4.623939340175168,3.805450321456122
2024-05-17,0.007872157743416267,0.018630527041241875,4.6603397200570145,3.8763478665741133
2024-05-24,0.023943462662393954,0.021855150649200353,4.771924390138271,3.961066033166797
2024-05-31,-0.011993133703365147,-0.018573774562117944,4.714694062904994,3.887494085641094
2024-06-07,0.032109304823057586,0.03370734153843426,4.86607961171827,4.018531176514442
2024-06-14,0.017884939670252155,0.007533227566159818,4.953109152004495,4.048803686348833
2024-06-21,-0.015374244604685774,0.0015128528569480432,4.8769588403478705,4.054928930572948
2024-06-28,0.012920628428270815,0.021679836262983435,4.939972213383975,4.142839125845804
2024-07-05,0.015335324576558756,0.013046321208133075,5.0157282906754,4.1968879357952105
2024-07-12,0.007932769351001161,0.007330254051065227,5.0555169063326195,4.22765219058844
2024-07-19,-0.008500464572622917,0.001173366418865283,5.012542663974043,4.232612775699519
2024-07-26,0.033330678968538356,0.012390495252925782,5.179614114323064,4.285056944204297
2024-08-02,0.017904996523258967,-0.004717161569326886,5.272355087031841,4.264843638264719
2024-08-09,-0.006509891081148112,-0.01416798488532512,5.2380326296741275,4.2044193980595095
2024-08-16,-0.006945950338467338,0.007126295270339651,5.20164951515714,4.234381332130425
2024-08-23,0.024170237031307995,0.01149090405298855,5.327374616892276,4.283038201741702
2024-08-30,0.019317428075055935,0.016627623810837867,5.43028579288297,4.35425494972771
2024-09-06,-0.006567046007252872,-0.015206511358818191,5.394624856248576,4.288041922375485
2024-09-13,0.028042154926008825,0.02029401882734486,5.545901762235197,4.375063525880617
2024-09-20,0.002814702565923932,0.01713367381144877,5.561511826155723,4.450024437237422
2024-09-27,0.03333840503141669,0.015044036764834175,5.746923760003116,4.516970768475632
2024-10-03,-0.02472936529569025,-0.035480796594210315,5.604805983015518,4.356705047417354
2024-10-08,-0.030797728785767524,-0.030063846411862646,5.432190688453759,4.225725736010012
2024-10-15,-0.01424247378204422,0.001767070520905887,5.354822854994391,4.2331928913875485
2024-10-22,-0.036715875699487456,-0.023356420371667398,5.158215844657643,4.134320658701947
2024-10-29,-0.015129200396232109,-0.0002145300158139269,5.080176163456797,4.1334337228256555
2024-11-05,-0.00331487680712543,-0.01036300136715594,5.063336005316443,4.090598943504965
2024-11-12,-0.029654065031108588,-0.013622678445317183,4.913187510140435,4.034874029448843
2024-11-19,-0.02879105093973591,-0.01528045571305656,4.771731678259508,3.9732193155340876
2024-11-26,0.027292360704200377,0.02874332971915726,4.901963500406226,4.087422868367009
2024-12-03,0.001420359311668687,0.010855773006261813,4.908926049909487,4.131795003206604
2024-12-10,-0.012664200593161094,0.006251750510586794,4.846758425716439,4.157625954727541
2024-12-17,-0.009653372841038243,-0.01113569456380622,4.7999708595625545,4.111327901985142
2024-12-24,0.002226424858081368,-0.02499794543063768,4.810657634002351,4.008553151443859
2024-12-31,0.009721278305472621,-0.003491706932629324,4.857423375694834,3.9945564586151496
2025-01-07,0.0048985102668233,0.0026686628772500587,4.881217513970983,4.005216583147336
2025-01-14,-0.015026467324018333,-0.022433450453224542,4.807870058495872,3.9153657553748666
2025-01-21,-0.006497039926014372,-0.006532605858202663,4.776633134766735,3.8897882141042985
2025-01-28,-0.01348862329032674,-0.00292729748334943,4.712202929815774,3.878401646854389
2025-02-04,0.03234238754061609,0.03406331333238955,4.864606823141902,4.0105128573800455
2025-02-11,-0.033567109126948984,-0.028115884031719652,4.701316035049798,3.8977537429742277
2025-02-18,0.00102225618258333,-0.005482883866885115,4.706121984432905,3.8763828118597834
2025-02-25,-0.025448037344742734,-0.017334704710768655,4.586360416424142,3.809186860470295
2025-03-04,-0.03447567897627074,-0.02061864814580732,4.4282425270380275,3.730646576872626
2025-03-11,0.028426636811150523,0.0188043554555273,4.554122569065829,3.800798981183085
2025-03-18,0.010634757340349922,0.014952506678400998,4.602554557486055,3.857630453332485
2025-03-25,0.023894441755971805,0.03653932899191139,4.7125300292885886,3.9985856815960172
2025-04-01,-0.013323557526844405,-0.02124962767204723,4.64974236434638,3.913617224647323
2025-04-08,0.010561955019816927,-0.027188904285214872,4.698852734052344,3.8072102605174183
2025-04-15,0.02487127131062568,0.03517506550673708,4.815719175249635,3.94112913082904
2025-04-22,0.019805815261647756,0.03595165580372551,4.9110984195866045,4.082819248818642
2025-04-29,0.007885132425215807,0.006980521159834103,4.949823080978313,4.111319454976798
2025-05-06,-0.005241518326370755,0.0017936427384177653,4.923878492587073,4.118693693262533
2025-05-13,-0.007339740614356907,0.008152307667065909,4.887738501634873,4.1522705514364135
2025-05-20,-0.005697423471708295,0.004294429853916268,4.859890985572086,4.17010218605404
2025-05-27,0.013810914458995878,0.005764891285412729,4.927010524253868,4.194142371805703
2025-06-03,-0.015128345906572688,-0.01142744358782257,4.852473004757631,4.146214046452597
2025-06-10,0.018681960654125508,0.022888866252419274,4.94312671450772,4.241116185215753
2025-06-17,-0.011413318677300686,-0.009992331975661434,4.886709234052765,4.198737544345726
2025-06-24,0.0005177509691269553,0.0076830534252857585,4.889239332494538,4.230996669217688
2025-07-01,0.01344938898532064,0.019862763457626203,4.954996614119586,4.315035955248363
2025-07-08,0.010764500803106987,-0.0007556241141970915,5.008334679151669,4.31177541002695
2025-07-15,-0.006227940436996407,-0.01280047017337646,4.977143069081369,4.256582657496602
2025-07-22,-0.013677687061561026,-0.005354066947665794,4.909067263721856,4.233792628980092
2025-07-29,0.0017589161727827479,-0.009568690669529143,4.9177019015252945,4.193280776954449
2025-08-05,-0.010832097003037068,-0.006911458396283778,4.864432877495952,4.164299091320592
2025-08-12,-0.011155486927742542,-0.006578213395376298,4.810167760120165,4.1369054432557135
2025-08-19,0.03363882264492133,0.020143012324705768,4.971976140295165,4.220235180585355
2025-08-26,0.010139683523343185,-0.01075232229745832,5.022390404843372,4.174857851752629
2025-09-02,0.0027383410685231256,-0.005359733409409609,5.036143422751111,4.152481726645054
2025-09-09,0.00482609757010107,0.011757717782225912,5.06044834228633,4.201305434882797
2025-09-16,0.00404161732515112,0.014898305493674756,5.080900737979547,4.263897766723916
2025-09-23,-0.013321036582799286,-0.002757626064320778,5.01321787337535,4.2521395311068
2025-09-30,-0.02411939705014935,-0.022185581755696435,4.892302080988505,4.1578033419028015
