Date,Mean Return,Index Return,Strategy Wealth,Index Wealth
2013-07-09,0.02958687509352859,-0.005411148718959793,1.0295868750935286,0.9945888512810402
2013-07-16,0.015564273070433794,0.01245608431810927,1.045611646367219,1.0069775338744482
2013-07-23,0.02640101241421456,0.013978026759490917,1.0732168524234074,1.0210530927891515
2013-07-30,-0.05916334261508608,-0.05801641366732814,1.009721756083197,0.9618152541815913
2013-08-06,-0.05000162173898381,-0.04013347455214293,0.9592340307739026,0.9232142661540316
2013-08-13,0.09851852273462183,0.03476383137762064,1.0537363504425243,0.9553087312280241
2013-08-20,-0.0520268699423218,-0.050967172325226746,0.9989137463845543,0.9066193464997316
2013-08-27,-0.007011450092330355,-0.018775372124492515,0.9919099125052362,0.8895972308939349
2013-09-03,0.0064303726455069085,0.007929667298741663,0.998288262873417,0.8966514409648058
2013-09-10,0.044574342360679,0.09055926115956903,1.0427863056773843,0.9778515329762414
2013-09-17,0.016647338304425597,-0.004267903350472198,1.060145922087218,0.9736781571423877
2013-09-24,0.0639500632851143,0.008909888626392252,1.1279423208961514,0.9823535210804772
2013-10-01,-0.08294199164696872,-0.01364822372382434,1.0343885383381204,0.9689461404488843
2013-10-08,0.001881736566118388,0.025673200841077163,1.036334985074285,0.993822089316815
2013-10-15,-0.0016370096338042591,0.022716000396786073,1.03463849471987,1.0163977522920706
2013-10-22,0.0075825659314505515,0.021306175234400336,1.0424837093213002,1.0380533009102562
2013-10-29,0.04974277198476359,0.0005803708041828906,1.0943397387719003,1.0386557567392902
2013-11-05,0.009743773341678526,0.01415283373056874,1.1050027371452853,1.0533556789677194
2013-11-12,-0.02462888447744152,-0.03553304771016169,1.0777877523848773,1.0159267413711897
2013-11-19,0.003317644912403528,0.028982069500900216,1.081363469438228,1.0453704007974325
2013-11-26,0.015856602740676212,-0.01940587834651865,1.0985102203913892,1.0250840699725061
2013-12-03,0.018299447248120073,0.02495111291580736,1.1186123502209624,1.0506610583505855
2013-12-10,0.018186995713268508,0.01624304093079517,1.1389565482392403,1.0677269889257668
2013-12-17,-0.015355561338612657,-0.02570889244531991,1.121467231100738,1.0402769106065088
2013-12-24,0.027661522039555318,0.026871643676950694,1.1524887216304702,1.0682308610736861
2013-12-30,0.007455186509164838,0.0048912040360122745,1.1610807399999343,1.0734557961727627
2014-01-07,0.046784691426279536,-0.019118066012779256,1.2154015441418276,1.0529333973997312
2014-01-14,0.004713939338051075,0.006327472641460505,1.2211308732922856,1.0595958046650582
2014-01-21,-0.024002437557098535,0.007411225068288372,1.1918207557570424,1.067448707654845
2014-01-28,-0.044152423142482355,-0.033990218347760136,1.1391989814388643,1.0311658930066223
2014-02-04,-0.005359459324622917,-0.014426132271321519,1.1330934908351908,1.0162901574404335
2014-02-11,0.04128592183705246,0.01012358946802802,1.1798743001318854,1.026578661774758
2014-02-18,0.030481343480786,0.0067878117286576806,1.2158384539383575,1.0335468844555424
2014-02-25,-0.0009014951170186617,0.013188206699778006,1.2147423815090486,1.0471775144016537
2014-03-04,0.07161188420540598,0.01654185527441127,1.3017323722730738,1.0644997732915036
2014-03-11,0.02529319746241796,0.03155011081014528,1.3346573462081985,1.098084859096225
2014-03-18,0.020948144965989512,0.0016809397348292341,1.362615941776491,1.0999306735680943
2014-03-25,0.021689396898603962,0.013375302855781143,1.3921702597580463,1.1146425794474308
2014-04-01,-0.015175018320891685,0.02549605604820937,1.3710440505604176,1.1430615691267432
2014-04-09,-0.005426615388739981,0.015746677240891602,1.363603921817006,1.161060990722249
2014-04-16,-0.03277301763673822,-0.015972908141667776,1.3189145064377719,1.1425154701705689
2014-04-23,0.05741102223705797,0.02525643599376704,1.3946347364956493,1.1713713390148206
2014-04-30,-0.042719290306170866,-0.019916269615567545,1.3350569303162216,1.148041991607053
2014-05-07,-0.005644837694204456,-0.004338188425789251,1.3275207506320639,1.1430615691267432
2014-05-14,0.02894784938489626,0.06702848352236353,1.3659496213766853,1.219679252678002
2014-05-21,0.046623605045723396,0.03737731929221287,1.4296351170361072,1.2652675935394353
2014-05-28,0.009158537317859901,0.011903734267907362,1.4427284836064056,1.2803290027507233
2014-06-04,0.0051449888547432715,0.019040307101727508,1.450151305574981,1.3047068601543457
2014-06-11,0.0641561977430249,0.030086139782515852,1.5431874994927552,1.3439604531241567
2014-06-18,0.01881762647320593,-0.011003567626431288,1.5722266254363304,1.3291720933909559
2014-06-25,0.07073431520501999,0.004979580433371286,1.6834369991336686,1.3357908127397886
2014-06-30,0.011743490404378639,0.009656345306329393,1.703206425379371,1.3486896700846265
2014-07-08,-0.01965196106754948,-0.0064114987080103065,1.6697350790178154,1.340042548007372
2014-07-15,-0.05378130818207022,-0.013807844220860462,1.579934542150745,1.3215394492551613
2014-07-22,0.060400641566314625,0.030326254460349245,1.6753636021294314,1.3616167908726633
2014-07-30,-0.03772077282548026,-0.0029993521399377734,1.6121675922934289,1.3575328226371841
2014-08-06,0.04583617847149848,-0.009466354330455989,1.6860631937797563,1.3446819359228765
2014-08-13,-0.012423697974945021,-0.001036672281974949,1.6651160538935654,1.343287941431833
2014-08-20,0.11591137190053327,0.0250437799974056,1.858121940073971,1.37692894911022
2014-08-27,0.025146650380783245,0.005299249404823108,1.9048474828658741,1.384225639024276
2014-09-03,0.04172541302233339,0.025577681093286578,1.984328030833005,1.41963092098039
2014-09-10,0.07176120860782166,0.003459809441981095,2.1267258085999603,1.4245425734449262
2014-09-17,-0.00515286327661018,-0.014945911853522419,2.1157670812814064,1.4032514857106282
2014-09-24,0.0275667453133367,-0.0008149010477299185,2.174091893553433,1.402107974604694
2014-10-01,-0.019549922514167466,-0.006089556875995156,2.131588565495784,1.3935697583470525
2014-10-08,-0.017409545594988293,-0.012722626425239025,2.094478577175029,1.3758398909140923
2014-10-16,-0.03323411031388676,-0.014461779582531795,2.0248704450911217,1.355942797670838
2014-10-23,0.07654192902555576,0.03822305752333218,2.179857934985232,1.4077710772245584
2014-10-30,0.03799047067986396,0.016562874714733326,2.262671763950557,1.431087813203654
2014-11-07,0.08633506790957314,0.022928937795838794,2.458019684348302,1.4639011366529835
2014-11-14,0.029576536419045805,0.00964149413401382,2.5307193930611613,1.4780153308747992
2014-11-21,-0.009718901697181323,0.009070478576428571,2.5061235800568493,1.491421637269132
2014-11-28,-0.04118128054748286,0.010332539833218933,2.4029182018198663,1.5068318107443401
2014-12-05,0.019292726408748292,0.002818713365760583,2.4492770452701786,1.5110791377092385
2014-12-12,-0.044929502721058306,-0.03704477805565365,2.3392322456000865,1.4551015464282713
2014-12-19,-0.010078156831059889,-0.0015567580513581286,2.3156570961646565,1.4528363053803255
2014-12-26,-0.012933981919301715,0.0006971357465724977,2.2857064291515603,1.4538491295027245
2014-12-29,0.002424888669320238,0.006561994366872443,2.2912490127730027,1.4633892793008039
2015-01-06,0.02203255121927021,-0.010972194364585807,2.3417310740030266,1.4473326876972643
2015-01-13,0.01740856414366356,0.021722148780194607,2.3824972496120185,1.4787718636738632
2015-01-20,0.042548086105845595,0.0410577234098862,2.483867947735451,1.5394868698389064
2015-01-27,0.012903190702949398,0.02095852781877378,2.515917769546025,1.571752248227062
2015-02-03,-0.01233158686363954,-0.012671097862098113,2.484892511029094,1.5518364216748042
2015-02-10,-0.03689008399939107,-0.024875831004070106,2.393224617567773,1.513233201103261
2015-02-18,0.08374218185473158,0.03859969252431796,2.5936384687113536,1.5716435373834363
2015-02-25,-0.02183996295959348,-0.01166900692393362,2.536993500624121,1.5533040180637536
2015-03-04,0.016462361751588925,0.018980431678844428,2.578758405392825,1.5827863988550872
2015-03-11,0.026130035839780196,-0.021044534190499713,2.646141454947874,1.5494773963681234
2015-03-18,0.01818761065646165,0.0014663373838856983,2.694268445472389,1.5517494529999039
2015-03-25,-0.04181441045475704,-0.023062750015762867,2.5816091988181062,1.5159618432782702
2015-04-01,0.07957993275496884,0.012585246219047825,2.7870534852596602,1.535040596334609
2015-04-08,0.051493618296080984,0.018894648876802436,2.9305689536003836,1.564044649413989
2015-04-15,0.004678324502737218,0.0042537811387899594,2.9442791061429734,1.5706977530438915
2015-04-22,-0.08079594175180442,-0.03961684338750309,2.706393302981991,1.5084716661524487
2015-04-29,-0.027011084329267285,-0.022528106082444536,2.63329068524698,1.4744886564350046
2015-05-06,-0.012809295738454176,-0.014863529793414657,2.599560086094335,1.4525725503600309
2015-05-13,0.009703764896729276,0.014893203011570297,2.624785606004716,1.474206008241577
2015-05-20,0.033928375886895845,0.02418736357737007,2.7138403186677573,1.5098631649508596
2015-05-27,-0.026762562361018427,-0.008539254651229664,2.6412109979015654,1.4969700588968327
2015-06-03,-0.05154277385495476,-0.026383059069585123,2.5050756567335055,1.457475409407557
2015-06-10,-0.012160956117546445,-0.0018199583796403075,2.4746115416008356,1.454822864823086
2015-06-17,0.0023041055246418897,-0.001561741079768327,2.480313307725181,1.4525508081913057
2015-06-24,0.02482726348669184,0.030984313255897497,2.541892699745622,1.4975570974524122
2015-06-29,-0.018299300052722563,-0.00636632887133778,2.495377842531152,1.488023156466424
2015-07-07,0.10847998800076067,0.030222670290172754,2.7660764009462957,1.5329951897084506
2015-07-14,0.08567793322692634,-0.0043681437516398525,3.0030681101271495,1.5262988463492317
2015-07-21,0.03392494374775255,0.007129375734482416,3.1049470268338824,1.5371804043079624
2015-07-28,-0.0040373008910936006,-0.01904445355925499,3.0924114214356475,1.5079056434859226
2015-08-04,0.03465170022949753,0.02893023725245659,3.1995687349975097,1.5515297115062887
2015-08-11,-0.028286452361628318,-0.004932528060759752,3.1090642863972473,1.5438767476671815
2015-08-18,-0.019121689411477825,0.0007463632394980035,3.049613724752441,1.5450290405179559
2015-08-25,-0.16132808402731033,-0.07550236406619376,2.5576253855147404,1.428375695407927
2015-09-01,0.04988999602588465,-0.007245218688402378,2.6852253058337725,1.4180268011254977
2015-09-08,-0.016455727747063293,-0.017670282494537927,2.6410379692614474,1.3929698669647843
2015-09-15,0.046406902936626436,0.021265803027938193,2.763600361952909,1.4225924897795108
2015-09-22,-0.008479025952500094,-0.0022465899973254603,2.7401677227615715,1.419396507721702
2015-09-29,-0.005892718047597672,0.0036455261888168403,2.7240206869682098,1.4245709548629166
2015-10-06,0.056180750073601605,0.040641907102031985,2.877058212378091,1.4824682352707084
2015-10-13,-0.0004071668288717096,-0.0030944541808128377,2.8758867697092776,1.4778808052421526
2015-10-20,0.038554667964458,0.016116100653912096,2.9867656292187963,1.5016984810539198
2015-10-27,-0.02757701982627462,-0.005320612123756714,2.904399534245394,1.4937085259093974
2015-11-03,0.006244331143178978,-0.01676770470208952,2.922535566709317,1.4686624624359552
2015-11-10,-0.04902228162011761,-0.03237529884606557,2.779266205113283,1.4211140763105925
2015-11-17,-0.002848211933126708,0.006785028570554409,2.7713502659425435,1.430756375920377
2015-11-24,0.08158589000269668,0.004300389010454683,2.997453343898676,1.436909184916023
2015-12-01,0.01676995826049426,0.015645095398768308,3.047720511363636,1.4593897661934006
2015-12-08,-0.0162585077068955,-0.02940037243947864,2.9981691239411665,1.416483163532951
2015-12-15,-0.021022761663318533,-0.0020567446643591685,2.9351393290222307,1.4135698193442
2015-12-22,0.04975155709199594,0.014473026492867361,3.081167080923043,1.4340284527890863
2015-12-28,0.010233804426352754,0.01589635907426631,3.112699142234126,1.456824283997336
2016-01-05,0.10639152578625244,-0.010160041147048465,3.443863953289974,1.4420228893279037
2016-01-12,-0.04071496163934344,-0.03525114842985167,3.303647164540655,1.3911899264169623
2016-01-19,-0.10775483204874438,-0.028140099446565037,2.9476632191772665,1.3520417035385295
2016-01-27,0.03365849539325176,0.002762963438925628,3.0468771280608022,1.3557773453333093
2016-02-03,-0.04758174499288964,-0.012206843521722386,2.901901397528745,1.3392275834285294
2016-02-10,-0.0460888772376531,-0.018528429178424313,2.768156020262269,1.3144137999951815
2016-02-17,-0.07363845327410622,-0.020125744594717436,2.56431329250875,1.2879602435647066
2016-02-24,-0.04844917636903923,-0.011871537819448014,2.440074425534522,1.2726701748232827
2016-03-02,0.05325519792893536,0.04733990357950418,2.570021072027696,1.3329182581879275
2016-03-09,0.06698862884409383,0.022477860244576185,2.742183259743259,1.3628794085129197
2016-03-16,0.05007548030700361,-0.005840544373794927,2.8794994035647274,1.3549194508513687
2016-03-23,0.035095186179632136,0.029694876131090255,2.980555971236971,1.3951536161120048
2016-03-30,0.013260589717122266,0.0020237557793794853,3.0200799011004635,1.3979770663057336
2016-04-06,0.04549404455269077,-0.009119579908959532,3.157475550673814,1.3852281027386657
2016-04-13,-0.020446561622014824,0.030942301661963056,3.0929160322569564,1.4280902485642342
2016-04-20,0.0103183935814102,0.010334050658900258,3.1248299571920373,1.4428482055383784
2016-04-27,0.03374751445865763,0.006171631568648112,3.230285201353222,1.4517529330724466
2016-05-04,-0.024535816500858853,-0.029913379112248076,3.151027516407379,1.4083260972081324
2016-05-11,-0.014551175439355447,0.016755727250996572,3.105176362201899,1.4319236251734124
2016-05-18,-0.00917784990652816,0.004330350371606276,3.0766775196163105,1.438124356175794
2016-05-25,-0.04157224074961023,0.0008004168208350283,2.9487731410619076,1.4392754551009297
2016-06-01,0.016386563746180968,0.028459977213909995,2.9970934001109444,1.4802372017576422
2016-06-08,-0.003489797984387553,0.012669743010366207,2.986634149604216,1.498991426698295
2016-06-15,-0.011929049538590966,-0.005324697904894375,2.95100644287994,1.4910097501891
2016-06-22,-0.0017877820804286172,0.0008667089096218991,2.9457306864421295,1.492302021623922
2016-06-27,-0.013885838384639786,-0.00979478969582305,2.9048267462055204,1.4776852371594642
2016-07-05,0.019238655060235806,0.03516112456874403,2.9607117059855153,1.529642311856622
2016-07-12,-0.006809534150020868,0.020032619486597646,2.9405506385152402,1.5602850542406452
2016-07-19,-0.017670212439672185,-0.0019534916055476636,2.8885904840430623,1.5572370504849247
2016-07-26,0.08153079902959369,0.012788721406480758,3.124099574276374,1.5771521212874262
2016-08-02,-0.011898393105061815,0.00562585969738647,3.086927809442278,1.5860249578432246
2016-08-09,0.00036030168901504765,0.007871807848554922,3.0880400347458874,1.5985098415543788
2016-08-16,-0.00975462041119527,-0.003962841574550933,3.0579173763923673,1.5921752002969383
2016-08-23,0.046429711186821265,0.0027932009401505603,3.199895597011427,1.5966224655632921
2016-08-30,0.006689255919039803,0.013886341248004324,3.2213005175740457,1.6187937099643341
2016-09-06,-0.002826277133460905,0.020510724408499145,3.2121962295812203,1.6519963416236245
2016-09-14,-0.007638651470232325,-0.020971766250820725,3.1876593821294548,1.6173510604998829
2016-09-21,-0.020189191080337475,0.004882432631818925,3.1233031177646127,1.6252476680947743
2016-09-28,-0.0067571827203334245,0.0031034344674773415,3.10219838790689,1.6302915177261268
2016-10-05,0.011312206402176747,0.0067265916606231825,3.1372910963713925,1.641257823053648
2016-10-13,-0.014092712282004788,-0.019450135483444535,3.093078155605335,1.6093351360319914
2016-10-20,0.08258670799993724,0.016236764240026395,3.348525298063297,1.6354655312189335
2016-10-27,0.00875839814280517,-0.011493871703719497,3.377853015814991,1.6166677002272476
2016-11-03,0.026049653419119027,-0.014499171380071426,3.4658449161776974,1.5932273581770269
2016-11-10,-0.029783879040486128,-0.00024509470186955267,3.3626186104211775,1.5928368665926642
2016-11-17,-0.15110511342806968,-0.05977009928768919,2.8545097438781477,1.497632848927329
2016-11-24,0.027528459981298086,-0.009553194417284085,2.933090001128723,1.4833256711558152
2016-12-01,0.033233195429048734,0.029652650822669106,3.0305659543472228,1.5273102093389
2016-12-08,0.005615752541790531,0.00695998011434253,3.0475848628084123,1.5379402580243309
2016-12-15,0.00936398677660914,-0.014105864513171352,3.0761224071643443,1.516246281115288
2016-12-22,-0.034240060735638816,-0.024737990485388224,2.9707957891127776,1.4787373950395526
2016-12-26,-0.02031051272064285,-0.013482288908286772,2.91045740344757,1.458800630260142
2017-01-03,0.13897555708160092,0.04425114026356065,3.314939842453966,1.523354221566354
2017-01-10,0.03459147522671788,0.014718121998932928,3.429608501892272,1.5457751348469573
2017-01-17,0.008453827340251756,0.01562631446117605,3.458601820011929,1.5699299031903429
2017-01-24,-0.0032043874900862706,0.009884519544704724,3.447519119606693,1.5854479060022444
2017-01-31,-0.04088259499500911,0.008755681624004672,3.3065755917022623,1.599329583098645
2017-02-07,0.03380505444449178,0.030341631320043857,3.418354559604585,1.6478558516682633
2017-02-14,0.004495117481695689,0.00024331860269365054,3.433720464944097,1.6482568056515317
2017-02-21,-0.0019386290535753424,0.01580528727621775,3.4270637546889002,1.674307977969835
2017-02-28,-0.021514823425192443,-0.002090547231481135,3.3533310831398917,1.6708077580618435
2017-03-07,-0.0032613106599737466,0.003398580897899861,3.342394828732026,1.6764861333924552
2017-03-14,-0.014423134991360002,0.01297299393688667,3.2941870169228005,1.6982351778362303
2017-03-21,0.051785490550065406,0.009386585669344623,3.4647781075578044,1.714175807819685
2017-03-28,0.006677962262347113,0.00036666160926522855,3.487915765007482,1.7148043302799436
2017-04-05,0.0447973634139811,0.0231291313304938,3.644165195089876,1.7544662648410878
2017-04-12,-0.028617561800153127,-0.002007387184840212,3.539878072409424,1.7509443717448114
2017-04-19,-0.01906760851885745,-0.0071606726204843955,3.4723810631202334,1.7384064323220672
2017-04-26,-0.019807084388240324,0.026162573245231312,3.4036033183748833,1.7838876179376744
2017-05-03,-0.005006862763693368,-0.00038270652484246904,3.3865619436577292,1.7832049125067038
2017-05-10,0.01073930588641651,0.011242510057488726,3.4229312682739668,1.8032526116701235
2017-05-17,-0.0029391338470606205,0.009110357924088276,3.4128708151272207,1.8196808883899853
2017-05-24,-0.09635000740546634,-0.03446879466412573,3.084040686815813,1.756958681493837
2017-05-31,0.01952683777183944,0.030142106431796357,3.1442622489890173,1.8099171170676929
2017-06-07,0.03908484877567074,0.009645609182188765,3.2671552635018033,1.8273748702310817
2017-06-14,-0.0029832030874860534,-0.0012690505841191635,3.2574086758324285,1.82505583908461
2017-06-21,0.030073493896222134,0.002707581227436953,3.355370335762576,1.8299973260135396
2017-06-27,-0.017014040152478226,-0.01872424084513719,3.2982819301434776,1.795732015335305
2017-07-05,0.13509462930127844,0.019887289270759077,3.7438621048273157,1.8314442573770413
2017-07-12,0.02361464849069618,0.015855173637815773,3.832272092430451,1.860482124085735
2017-07-19,-0.029111533379731446,0.008927843456991397,3.7207087754914485,1.8770922172441034
2017-07-26,0.007193172393864911,0.009997517937232716,3.7474724751409245,1.8958584803558411
2017-08-02,0.009828764237307195,0.004354907843977753,3.7843054985848825,1.9041147693230145
2017-08-09,-0.013839743342431125,-0.017036822069342338,3.731931681755117,1.8716747047984514
2017-08-16,0.014437308745230233,-0.00016787945097617948,3.7858107316607224,1.8713604890766038
2017-08-23,0.03463630010836164,-0.00587097745405708,3.916937208315979,1.8603737738368218
2017-08-30,0.038490504247465085,0.00910308677926612,4.067702096569719,1.877308917741929
2017-09-06,0.041841073009113536,0.007993628183743788,4.237899116971616,1.8923154272163847
2017-09-13,0.015562065688601702,0.015396683615042914,4.303849581411596,1.9214508091491003
2017-09-20,-0.00928533087509582,0.008069382024055811,4.263886914011546,1.9369557297685556
2017-09-27,-0.07962452812561596,-0.046702989349324146,3.9243769305023877,1.8464941069510623
2017-10-04,0.0839669334985509,0.021816816200071545,4.253894827249129,1.886778729496929
2017-10-11,0.00956180068789079,0.00982559708735068,4.294569721734534,1.905317457085949
2017-10-18,0.035101922354320435,0.021865474728174333,4.445317374652076,1.9469781277930112
2017-10-25,-0.02541228067352138,0.008959725754481255,4.332351721844536,1.9644225178680101
2017-11-01,0.010054588196857209,0.018720043242527785,4.375911734331629,2.001196592349095
2017-11-08,-0.021576522476234,-0.012701884708468583,4.281494776441806,1.9757776239540965
2017-11-15,-0.03155507553394872,-0.01577178079637614,4.146391885372978,1.9446160923667077
2017-11-22,0.06333146073046528,0.02473324975623354,4.408988940234597,1.9927127678592045
2017-11-29,-0.007041308241149445,0.0053285774873038485,4.377943890074586,2.0033310922526817
2017-12-06,-0.014048450540441201,-0.027707767693922077,4.316440561866046,1.9478232597345333
2017-12-13,0.017372451946783815,0.012599362522320063,4.391427718108212,1.9723645911133356
2017-12-20,0.021400984166389584,0.02874706102089713,4.48540859317129,2.0290642763695272
2017-12-26,0.012015450481824431,0.011416732080589914,4.539302798013289,2.0522295595871345
2018-01-03,0.08767845835639236,-0.004093625865807069,4.937301869355953,2.0438284995794347
2018-01-10,0.03456957771129012,0.020260928983457546,5.107982310012752,2.08523836366378
2018-01-17,0.006996331495505164,0.005814798662596307,5.143719447526778,2.0973636049120064
2018-01-24,-0.030407140364174214,0.017271281977164255,4.987313648291899,2.1335877631410836
2018-01-31,-0.0227678059718767,-0.015831295223211115,4.873763458826696,2.0998103053781665
2018-02-07,-0.09229978757335909,-0.05068623103970955,4.423916126894192,1.9933788351002055
2018-02-14,0.08811879076263293,0.013072498873060482,4.813746266431418,2.0194372776756353
2018-02-21,-0.09401576877387902,-0.01705855232826191,4.361178210510479,1.9849886012007627
2018-02-28,0.03622909825840494,0.010286225402504392,4.519179764421478,2.005406641374116
2018-03-07,-0.09377365181878489,-0.035095390794545316,4.095399774686121,1.9350261115931147
2018-03-14,0.02640910961322744,0.02402412483145615,4.203555636245794,1.9815134204501548
2018-03-21,-0.0067125678566414895,-0.022121935628390703,4.175338983798326,1.937678508116164
2018-03-28,-0.03525529029274484,-0.0041344939714608175,4.028136195853902,1.9296671880057286
2018-04-04,0.05129237282251234,0.00712514446651182,4.234748859391496,1.9434163454925573
2018-04-11,0.030977519124970196,0.028438210258924193,4.365930873172742,1.9986836281463047
2018-04-18,-0.02789612898960968,0.008747840123065589,4.244138302374996,2.0161677929819173
2018-04-25,-0.01909748707327384,0.0041185188367198295,4.163085926008203,2.024471418015301
2018-05-02,-0.008975442291414512,0.010112353541997472,4.125720388525116,2.044943588729941
2018-05-09,-0.0009273291886338288,-0.0027105722907512695,4.1218944875846955,2.0394006213021805
2018-05-16,0.022549111128772902,-0.009576489823652327,4.21483954444632,2.01987032200593
2018-05-23,-0.02504922735826299,-0.027753063127767152,4.109261070418886,1.963812733449396
2018-05-30,0.03108802101029197,0.020419413879027182,4.237009864912843,2.003912638434603
2018-06-06,-0.12407439578247896,-0.00530524041058891,3.7113054259993796,1.99328140012589
2018-06-13,0.05283266440177239,0.019606991168707025,3.9073835800636822,2.0323636509349066
2018-06-20,-0.02366782496221935,-0.011719082928492287,3.814904309430485,2.008546212768747
2018-06-25,-0.023843527395855674,-0.004527618472683369,3.723943534016011,1.999452281832577
2018-07-03,-0.05946762235176429,-0.007339658567545976,3.502489466275853,1.9847769847618253
2018-07-10,0.05747670419737192,0.022952324742606073,3.703801017283401,2.030332230657729
2018-07-17,-0.07456134160077055,-0.004717182725388341,3.4276406444124516,2.020754782532471
2018-07-24,-0.010590687519961131,0.014535305010600857,3.391339573416761,2.050127069648211
2018-07-31,0.033784233853015676,0.021157274896435773,3.5059133826400593,2.0935021716333826
2018-08-07,0.03681000491065922,0.00561623111516371,3.6349660714713856,2.105259763669373
2018-08-14,-0.0147174255836841,0.0021999422965955366,3.581468728815289,2.1098912136687895
2018-08-21,-0.01145272087092799,0.014018907789824377,3.54045116715621,2.1394695840397726
2018-08-28,-0.008849769098285297,0.012512040557667897,3.509118991823123,2.166238714247175
2018-09-04,-0.012845440071498676,-0.018010394656465655,3.4640428141099013,2.1272239000834685
2018-09-11,0.008271320390295262,-0.020288495367655573,3.4926950220711044,2.084065727840659
2018-09-18,-0.028223958575334676,-0.0013375524351781872,3.394117342451892,2.0812781806513145
2018-09-25,-0.09689190730441813,-0.030320243896083555,3.0652548395267254,2.0181733185983695
2018-10-03,-0.0910307307253205,-0.026511955370914737,2.7862224516252825,1.9646675976449186
2018-10-10,-0.0701338742634176,-0.034030055097331334,2.5908138765330837,1.8978098510491204
2018-10-17,0.10514996292323261,0.0011544836257644582,2.863237859591534,1.900000841446971
2018-10-24,-0.06078032768975452,-0.023171511428767236,2.6892093242318493,1.855974950234715
2018-10-31,0.036300054271694,0.02311922530725323,2.786827768649411,1.8988836532738094
2018-11-07,0.018028330595740945,0.020569032781360408,2.837069620976014,1.9379418533859876
2018-11-14,-0.004197957136781732,-0.001348855431801564,2.825159724313091,1.9353278499905324
2018-11-21,-0.03796616886578007,0.0021128852372650797,2.7178992331470195,1.9394169756340456
2018-11-28,-0.014260233901395724,0.005922620046307253,2.679141354361919,1.9509034054920842
2018-12-05,0.010083419713148202,0.004025241153087118,2.7061562611088026,1.958756262165569
2018-12-12,-0.010094154426010981,-0.0008693774260891154,2.678839901908254,1.9570533636880314
2018-12-19,0.09072871705753963,0.024962312671809758,2.9218876094109354,2.005905941667829
2018-12-24,-0.012401847005260822,-0.02642535796167307,2.8856508063124537,1.9528991591218094
2019-01-02,-0.013284362681731887,0.013973123040337593,2.8473167744285672,1.9801872593575902
2019-01-09,-0.011227499418900727,0.002641870070523221,2.815348526998244,1.9854186568121186
2019-01-16,0.0013237920765432946,0.0034292162652218602,2.8190754630709915,1.9922270867633336
2019-01-23,-0.05157351907722606,-0.009815749965879583,2.67368582089616,1.9726718838044122
2019-01-30,-0.06353168808237049,-0.020283718442801538,2.5038220472927284,1.9326587627332925
2019-02-06,0.005077643082104967,0.026314308545960122,2.516535561989986,1.9835153417299098
2019-02-13,-0.05614503551201222,-0.025310625418096994,2.3752445834948164,1.9333113279043355
2019-02-20,-0.004337365466824821,-0.004759279469840938,2.364942279663103,1.9241101589926295
2019-02-27,0.0535901819414007,0.011372885954598937,2.4916799667111595,1.945992844394938
2019-03-06,0.07947195193125227,0.031773266861907845,2.6896986372536933,2.0078233943512616
2019-03-13,-0.003308004971571639,0.023812490181952046,2.6808011007896284,2.0556346692163445
2019-03-20,-0.04580808323173642,0.010872728234702785,2.5579987408369265,2.077985026324567
2019-03-27,0.0022692360913878283,-0.005359572909033887,2.5638034439013584,2.0668479140721
2019-04-03,0.013853387471001602,0.01648108779389172,2.5993208064092124,2.100911816000544
2019-04-10,0.009964774124333308,-0.0036703801871944535,2.6252224511217603,2.093200670896053
2019-04-18,-0.01033003432925585,0.01202853594791618,2.5981038130797396,2.1183788104121284
2019-04-25,-0.011309268977414987,-0.011284873751116828,2.5687211582263734,2.0944731729795865
2019-05-02,-0.01594984703157017,0.0009035393818545123,2.527750448685905,2.0963656119756116
2019-05-09,-0.05483070547483827,-0.03504539559014267,2.389152108320118,2.022897649802355
2019-05-16,-0.018528038786186307,-0.008398075217075767,2.3448858053910637,2.005909203182869
2019-05-23,0.03395395316204573,0.03590463745642053,2.4245039481976574,2.0779306458936473
2019-05-30,0.10523159544461808,0.027484232289131327,2.679638366828273,2.135040974446093
2019-06-06,-0.04105317470253677,-0.009454626959950209,2.5696307048152516,2.114854958488497
2019-06-13,-0.06516870706230316,0.002525070712265289,2.402171194154847,2.120195116804865
2019-06-20,-0.07883983751017182,-0.010367239318562978,2.2127844075360636,2.0982145466269007
2019-06-24,0.0035357305280438855,-0.00849056603773581,2.2206082169177686,2.080399517457427
2019-07-02,0.00027013221873728693,0.020547407225105195,2.221208074742351,2.1231463335335374
2019-07-09,-0.045312571543455304,-0.029677214118226623,2.1205594249426873,2.060137265188935
2019-07-16,-0.002494052247886883,0.007847160163500207,2.1152706389421314,2.0763034922676677
2019-07-23,-0.02365528786645913,-0.031091780038510687,2.0652333030624863,2.01174752079289
2019-07-30,-0.03499654456539803,-0.024855012427506217,1.9929572737339158,1.961745511162578
2019-08-06,-0.031722162579426956,-0.009490173866204533,1.929736359082677,1.9431282051803986
2019-08-13,0.0160770890471807,-0.003195568811248402,1.9607609023652315,1.936918805291667
2019-08-20,-0.014050394220672988,0.007570218557721428,1.9332114387145174,1.9515817039762855
2019-08-27,-0.00331348628384052,0.007239824056087745,1.9268057691285732,1.9657108121441538
2019-09-03,0.0008831763513032446,-0.024373077669095806,1.9285074784174223,1.9178003898447828
2019-09-11,-0.015313817957094107,0.02417536226121425,1.8989746659640434,1.9641639090139782
2019-09-18,-0.0036927249561176994,-0.015246557184295205,1.8919622748240026,1.9342171716558676
2019-09-25,0.03769528644552408,0.05254176194284543,1.9632803347176186,2.035844349834774
2019-10-03,-0.06130498704932831,-0.01559799446712649,1.842921459223554,2.0040892609301206
2019-10-10,-0.024111245346456013,-0.009311401982953518,1.7984863277659662,1.98542838021188
2019-10-17,0.0204379599517094,0.030534141724506872,1.835243719306544,2.0460517317571276
2019-10-24,0.033845692137389694,0.0049675220956234304,1.8973588132272714,2.0562155389434196
2019-10-31,0.0036331498694074198,0.02670156235927376,1.904252202151767,2.1111197063806246
2019-11-07,-0.0012908990912703856,0.007704096639197457,1.9017940047144597,2.127383976615495
2019-11-14,-0.007613382026354019,-0.011664942699425421,1.8873149204211388,2.1025681644286
2019-11-21,0.007649114757199887,0.006419423029097315,1.9017512088304158,2.1160654389235796
2019-11-28,0.020790375384679628,0.01620617049426757,1.9412893303502685,2.150358756203802
2019-12-05,-0.010943252149599791,-0.011363003115580398,1.9200453117129177,2.1259242229574427
2019-12-12,-0.02017135061151369,-0.006810076248257842,1.8813154045403635,2.111446516901084
2019-12-19,0.013037729717807992,0.020756050623506977,1.9058434862987093,2.1552718076947106
2019-12-23,0.0014652461513035245,0.000540824681823273,1.9086360161319955,2.1564374318843496
2019-12-31,0.00467496432012618,-0.0033113418506161914,1.9175588214075205,2.1492967303679156
2020-01-07,-0.0033706209544046295,-0.006801687507280251,1.9110954574627808,2.134677885647534
2020-01-14,0.07024926749076321,0.02758174067350651,2.045348513454466,2.1935560175109337
2020-01-21,0.01104383515865874,-0.008763528635301348,2.0679370052790653,2.174332726538339
2020-01-28,0.021752291973516233,-0.003063814448988846,2.112919374800734,2.1676709745138614
2020-02-04,-0.014337236590631179,-0.010434922340676759,2.0826259498272877,2.1450514962346703
2020-02-11,0.07304629133668229,0.013599849792703783,2.2347540517037063,2.174223874381076
2020-02-18,-0.02570205723310074,-0.014168348010673824,2.1773162751649138,2.1434187138757292
2020-02-25,-0.007487651633675732,-0.012274580902031736,2.1610132894001466,2.117109147465333
2020-03-03,-0.08481237315119809,-0.04117350663773704,1.9777326239148434,2.029940339929355
2020-03-11,-0.1023062449339524,-0.07574295121349593,1.7753982256787428,1.8761866677957786
2020-03-18,-0.22174353574182068,-0.1865271146024912,1.3817151457669834,1.5262269821961694
2020-03-25,-0.10136751310741828,-0.04087411116103589,1.2416541176177303,1.4638438108689107
2020-04-01,0.061744513711778894,0.005643961927424126,1.318319447308265,1.4721056896051503
2020-04-08,0.10519993036426617,0.059080590658020245,1.4570065613629521,1.5590785632580548
2020-04-15,0.07451743561567745,0.025539520627805897,1.5655789539909355,1.598896682384754
2020-04-22,0.005810286653825594,0.02579533927440819,1.5746754164928194,1.6401407647715942
2020-04-29,-0.013644442505143097,0.03496243595529475,1.553189848308221,1.697484081217589
2020-05-06,-0.04885438125516291,-0.028433283742882037,1.4773097192973224,1.649219034687304
2020-05-13,0.013074598148144162,0.012078410665962642,1.4966249502174824,1.6691389794663796
2020-05-20,-0.026412653789987927,-0.03132255119342633,1.45709511355393,1.6168572883331005
2020-05-27,0.008258477950683497,0.02271487912102706,1.469128501421264,1.6535840061935383
2020-06-03,0.08505037636640254,0.07997445872912426,1.5940784333977516,1.7858284920520033
2020-06-10,0.08476547527199642,0.01101426307448499,1.7292012494255515,1.805498076869375
2020-06-17,-0.0047068441170440515,-0.01843645812608904,1.7210621686975076,1.7722110871784382
2020-06-22,0.05423755633947843,0.0425037927878681,1.8144083750359834,1.8475367800042333
2020-06-30,-0.030414919246717305,-0.006180005863383258,1.7592232908286962,1.8361189918709908
2020-07-07,0.028917725899930097,0.044307830273280786,1.8100960277496534,1.9174734405243583
2020-07-14,0.022181245114331186,-0.017733862128967257,1.8502462114216458,1.883469230894143
2020-07-21,0.03715499703827516,0.04339523888949599,1.918992103927097,1.9652028281098097
2020-07-28,0.004606633957649645,0.007844023548607549,1.927832198117509,1.980617925371293
2020-08-04,0.01375250518724464,-0.007307134848360464,1.9543447204222575,1.966145283107525
2020-08-11,0.09649822755044082,0.02380729370409746,2.1429355219655672,2.0129538813273915
2020-08-18,0.013034993452193847,0.009799806264126496,2.170868672462862,2.0326804393830216
2020-08-25,0.05440159962961616,0.013557804530992772,2.288967400830663,2.060239123454149
2020-09-01,-0.05688205053865377,-0.00704577122275679,2.158766241455282,2.045723149926118
2020-09-08,0.03368999788512748,-0.011903942386613322,2.231495071564395,2.0213709794104364
2020-09-15,0.019474957080736877,0.0260990262437231,2.2749533423089874,2.0741267936503696
2020-09-22,-0.06709201104483117,-0.03754694020379498,2.1223221475403173,1.99624967895409
2020-09-29,-0.017277492453284117,0.01148265121175627,2.085653742652752,2.0191719177491003
2020-10-06,0.014239047566617383,0.032474221273216905,2.115351465501878,2.0847429533947506
2020-10-13,-0.03351934098196222,0.0118578102022895,2.044446278433027,2.109463439656666
2020-10-20,-0.0035342192070254995,-0.0003543385936353319,2.037220757128057,2.108715975348133
2020-10-27,0.0051019807228110834,0.0015719716428644068,2.047614618159035,2.1120308170642352
2020-11-03,-0.007953904698671578,-0.005334263410030468,2.031328086626591,2.1007646883559126
2020-11-10,0.022390298641833718,0.059063766591380296,2.076810129125705,2.22484376357238
2020-11-17,-0.0030019799017928827,0.02483201869704937,2.07057558685823,2.280091125507423
2020-11-24,0.026024202198892957,0.019916381603952905,2.12446066459872,2.3255022904548155
2020-12-01,0.03219837104188111,0.009460945069687641,2.192864837341351,2.347503739884241
2020-12-08,0.059143806481676775,0.023396076657914287,2.3225592109215416,2.402426117337313
2020-12-15,-0.021653059513904952,0.012197156551969807,2.2722686981028892,2.4317288847950174
2020-12-21,-0.03894950468092474,-0.023133670114665994,2.183764957809812,2.375474070965865
